{
	"format_version": "1.8.0",
	"render_controllers": {
		"controller.render.markers.fps_title": {
			"geometry": "Geometry.sk_title",
			"materials": [
				{
					"*": "Material.flat"
				}
			],
			"textures": [
				"Texture.fps"
			]
		},
		"controller.render.markers.fps_u": {
			"arrays": {
				"textures": {
					"Array.numbers": [
						"Texture.num_0",
						"Texture.num_1",
						"Texture.num_2",
						"Texture.num_3",
						"Texture.num_4",
						"Texture.num_5",
						"Texture.num_6",
						"Texture.num_7",
						"Texture.num_8",
						"Texture.num_9"
					]
				}
			},
			"geometry": "Geometry.sk_u",
			"materials": [
				{
					"*": "Material.flat"
				}
			],
			"textures": [
				"Array.numbers[variable.fps_u]"
			]
		},
		"controller.render.markers.fps_t": {
			"arrays": {
				"textures": {
					"Array.numbers": [
						"Texture.num_0",
						"Texture.num_1",
						"Texture.num_2",
						"Texture.num_3",
						"Texture.num_4",
						"Texture.num_5",
						"Texture.num_6",
						"Texture.num_7",
						"Texture.num_8",
						"Texture.num_9"
					]
				}
			},
			"geometry": "Geometry.sk_t",
			"materials": [
				{
					"*": "Material.flat"
				}
			],
			"textures": [
				"Array.numbers[variable.fps_t]"
			]
		},
		"controller.render.markers.fps_h": {
			"arrays": {
				"textures": {
					"Array.numbers": [
						"Texture.num_0",
						"Texture.num_1",
						"Texture.num_2",
						"Texture.num_3",
						"Texture.num_4",
						"Texture.num_5",
						"Texture.num_6",
						"Texture.num_7",
						"Texture.num_8",
						"Texture.num_9"
					]
				}
			},
			"geometry": "Geometry.sk_h",
			"materials": [
				{
					"*": "Material.flat"
				}
			],
			"textures": [
				"Array.numbers[variable.fps_h]"
			]
		}
	}
}