{
    "format_version": "1.12.0",
    "minecraft:geometry": [
        {
            "description": {
                "identifier": "geometry.armor_stand",
                "texture_width": 64,
                "texture_height": 64,
                "visible_bounds_offset": [
                    0,
                    0.5,
                    0
                ],
                "visible_bounds_width": 4096,
                "visible_bounds_height": 4096
            },
            "bones": [
                {
                    "name": "baseplate",
                    "cubes": [
                        {
                            "origin": [
                                -6,
                                0,
                                -6
                            ],
                            "size": [
                                12,
                                1,
                                12
                            ],
                            "uv": [
                                0,
                                32
                            ]
                        }
                    ]
                },
                {
                    "name": "waist",
                    "parent": "baseplate",
                    "pivot": [
                        0,
                        12,
                        0
                    ]
                },
                {
                    "name": "body",
                    "parent": "waist",
                    "pivot": [
                        0,
                        24,
                        0
                    ],
                    "cubes": [
                        {
                            "origin": [
                                -6,
                                21,
                                -1.5
                            ],
                            "size": [
                                12,
                                3,
                                3
                            ],
                            "uv": [
                                0,
                                26
                            ]
                        },
                        {
                            "origin": [
                                -3,
                                14,
                                -1
                            ],
                            "size": [
                                2,
                                7,
                                2
                            ],
                            "uv": [
                                16,
                                0
                            ]
                        },
                        {
                            "origin": [
                                1,
                                14,
                                -1
                            ],
                            "size": [
                                2,
                                7,
                                2
                            ],
                            "uv": [
                                48,
                                16
                            ]
                        },
                        {
                            "origin": [
                                -4,
                                12,
                                -1
                            ],
                            "size": [
                                8,
                                2,
                                2
                            ],
                            "uv": [
                                0,
                                48
                            ]
                        }
                    ]
                },
                {
                    "name": "head",
                    "parent": "body",
                    "pivot": [
                        0,
                        24,
                        0
                    ],
                    "cubes": [
                        {
                            "origin": [
                                -1,
                                24,
                                -1
                            ],
                            "size": [
                                2,
                                7,
                                2
                            ],
                            "uv": [
                                0,
                                0
                            ]
                        }
                    ]
                },
                {
                    "name": "hat",
                    "parent": "head",
                    "pivot": [
                        0,
                        24,
                        0
                    ],
                    "cubes": [
                        {
                            "origin": [
                                -4,
                                24,
                                -4
                            ],
                            "size": [
                                8,
                                8,
                                8
                            ],
                            "uv": [
                                32,
                                0
                            ]
                        }
                    ]
                },
                {
                    "name": "leftarm",
                    "parent": "body",
                    "mirror": true,
                    "pivot": [
                        5,
                        22,
                        0
                    ],
                    "cubes": [
                        {
                            "origin": [
                                5,
                                12,
                                -1
                            ],
                            "size": [
                                2,
                                12,
                                2
                            ],
                            "uv": [
                                32,
                                16
                            ]
                        }
                    ]
                },
                {
                    "name": "leftitem",
                    "parent": "leftarm",
                    "pivot": [
                        6,
                        15,
                        1
                    ]
                },
                {
                    "name": "leftleg",
                    "parent": "body",
                    "mirror": true,
                    "pivot": [
                        1.9,
                        12,
                        0
                    ],
                    "cubes": [
                        {
                            "origin": [
                                0.9,
                                1,
                                -1
                            ],
                            "size": [
                                2,
                                11,
                                2
                            ],
                            "uv": [
                                40,
                                16
                            ]
                        }
                    ]
                },
                {
                    "name": "rightarm",
                    "parent": "body",
                    "pivot": [
                        -5,
                        22,
                        0
                    ],
                    "cubes": [
                        {
                            "origin": [
                                -7,
                                12,
                                -1
                            ],
                            "size": [
                                2,
                                12,
                                2
                            ],
                            "uv": [
                                24,
                                0
                            ]
                        }
                    ]
                },
                {
                    "name": "rightitem",
                    "parent": "rightarm",
                    "pivot": [
                        -6,
                        15,
                        1
                    ]
                },
                {
                    "name": "rightleg",
                    "parent": "body",
                    "pivot": [
                        -1.9,
                        12,
                        0
                    ],
                    "cubes": [
                        {
                            "origin": [
                                -2.9,
                                1,
                                -1
                            ],
                            "size": [
                                2,
                                11,
                                2
                            ],
                            "uv": [
                                8,
                                0
                            ]
                        }
                    ]
                }
            ]
        }
    ]
}