{
	"format_version": "1.12.0",
	"minecraft:geometry": [
		{
			"description": {
				"identifier": "geometry.markers.chunk5x5",
				"texture_width": 512,
				"texture_height": 4096,
				"visible_bounds_width": 4096,
				"visible_bounds_height": 4096,
				"visible_bounds_offset": [0, 0.5, 0]
			},
			"bones": [
				{
					"name": "chunk",
					"pivot": [0, 0, 0]
				},
				{
					"name": "1",
					"parent": "chunk",
					"pivot": [0, 0, 0],
					"cubes": [
						{"origin": [0.1, 0.5, -255.9], "size": [0, 2048, 256], "uv": [0, 0]},
						{"origin": [0.1, 0.5, -0.1], "size": [256, 2048, 0], "uv": [0, 0]},
						{"origin": [0.1, 0.5, -255.9], "size": [256, 2048, 0], "uv": [0, 0]},
						{"origin": [255.9, 0.5, -255.9], "size": [0, 2048, 256], "uv": [0, 0]}
					]
				},
				{
					"name": "2",
					"parent": "chunk",
					"pivot": [0, 0, 256],
					"cubes": [
						{"origin": [0.1, 0.5, 0.1], "size": [0, 2048, 256], "uv": [0, 0]},
						{"origin": [0.1, 0.5, 255.9], "size": [256, 2048, 0], "uv": [0, 0]},
						{"origin": [255.9, 0.5, 0.1], "size": [0, 2048, 256], "uv": [0, 0]}
					]
				},
				{
					"name": "13",
					"parent": "chunk",
					"pivot": [0, 0, 256],
					"cubes": [
						{"origin": [0.1, 0.5, 256.1], "size": [0, 2048, 256], "uv": [0, 0]},
						{"origin": [0.1, 0.5, 511.9], "size": [256, 2048, 0], "uv": [0, 0]},
						{"origin": [255.9, 0.5, 256.1], "size": [0, 2048, 256], "uv": [0, 0]}
					]
				},
				{
					"name": "3",
					"parent": "chunk",
					"pivot": [0, 0, -257],
					"cubes": [
						{"origin": [0.1, 0.5, -512], "size": [0, 2048, 256], "uv": [0, 0]},
						{"origin": [0.1, 0.5, -512], "size": [256, 2048, 0], "uv": [0, 0]},
						{"origin": [255.9, 0.5, -512], "size": [0, 2048, 256], "uv": [0, 0]}
					]
				},
				{
					"name": "10",
					"parent": "chunk",
					"pivot": [0, 0, -513.1],
					"cubes": [
						{"origin": [0.1, 0.5, -768], "size": [0, 2048, 256], "uv": [0, 0]},
						{"origin": [0.1, 0.5, -768], "size": [256, 2048, 0], "uv": [0, 0]},
						{"origin": [255.9, 0.5, -768], "size": [0, 2048, 256], "uv": [0, 0]}
					]
				},
				{
					"name": "12",
					"parent": "chunk",
					"pivot": [-256, 0, -513.1],
					"cubes": [
						{"origin": [-255.9, 0.5, -768], "size": [0, 2048, 256], "uv": [0, 0]},
						{"origin": [-255.9, 0.5, -768], "size": [256, 2048, 0], "uv": [0, 0]}
					]
				},
				{
					"name": "8",
					"parent": "chunk",
					"pivot": [-256, 0, -257],
					"cubes": [
						{"origin": [-255.9, 0.5, -512], "size": [0, 2048, 256], "uv": [0, 0]},
						{"origin": [-255.9, 0.5, -512], "size": [256, 2048, 0], "uv": [0, 0]}
					]
				},
				{
					"name": "4",
					"parent": "chunk",
					"pivot": [-256, 0, 0],
					"cubes": [
						{"origin": [-255.9, 0.5, -255.9], "size": [0, 2048, 256], "uv": [0, 0]},
						{"origin": [-255.9, 0.5, -255.9], "size": [256, 2048, 0], "uv": [0, 0]}
					]
				},
				{
					"name": "9",
					"parent": "chunk",
					"pivot": [-256, 0, 255],
					"cubes": [
						{"origin": [-255.9, 0.5, 0.1], "size": [0, 2048, 256], "uv": [0, 0]},
						{"origin": [-255.9, 0.5, 255.9], "size": [256, 2048, 0], "uv": [0, 0]},
						{"origin": [-255.9, 0.5, 0.1], "size": [256, 2048, 0], "uv": [0, 0]}
					]
				},
				{
					"name": "15",
					"parent": "chunk",
					"pivot": [-256, 0, 255],
					"cubes": [
						{"origin": [-255.9, 0.5, 256.1], "size": [0, 2048, 256], "uv": [0, 0]},
						{"origin": [-255.9, 0.5, 511.9], "size": [256, 2048, 0], "uv": [0, 0]},
						{"origin": [-255.9, 0.5, 256.1], "size": [256, 2048, 0], "uv": [0, 0]}
					]
				},
				{
					"name": "16",
					"parent": "chunk",
					"pivot": [-524.1, 0, -513.1],
					"cubes": [
						{"origin": [-512, 0.5, -768], "size": [0, 2048, 256], "uv": [0, 0]},
						{"origin": [-512, 0.5, -768], "size": [256, 2048, 0], "uv": [0, 0]}
					]
				},
				{
					"name": "17",
					"parent": "chunk",
					"pivot": [-524.1, 0, -257],
					"cubes": [
						{"origin": [-512, 0.5, -512], "size": [0, 2048, 256], "uv": [0, 0]},
						{"origin": [-512, 0.5, -512], "size": [256, 2048, 0], "uv": [0, 0]}
					]
				},
				{
					"name": "18",
					"parent": "chunk",
					"pivot": [-524.1, 0, 0],
					"cubes": [
						{"origin": [-512, 0.5, -255.9], "size": [0, 2048, 256], "uv": [0, 0]},
						{"origin": [-512, 0.5, -255.9], "size": [256, 2048, 0], "uv": [0, 0]}
					]
				},
				{
					"name": "19",
					"parent": "chunk",
					"pivot": [-524.1, 0, 255],
					"cubes": [
						{"origin": [-512, 0.5, 0.1], "size": [0, 2048, 256], "uv": [0, 0]},
						{"origin": [-512, 0.5, 255.9], "size": [256, 2048, 0], "uv": [0, 0]},
						{"origin": [-512, 0.5, 0.1], "size": [256, 2048, 0], "uv": [0, 0]}
					]
				},
				{
					"name": "20",
					"parent": "chunk",
					"pivot": [-524.1, 0, 255],
					"cubes": [
						{"origin": [-512, 0.5, 256.1], "size": [0, 2048, 256], "uv": [0, 0]},
						{"origin": [-512, 0.5, 511.9], "size": [256, 2048, 0], "uv": [0, 0]},
						{"origin": [-512, 0.5, 256.1], "size": [256, 2048, 0], "uv": [0, 0]}
					]
				},
				{
					"name": "11",
					"parent": "chunk",
					"pivot": [256, 0, -512.1],
					"cubes": [
						{"origin": [256.1, 0.5, -768], "size": [256, 2048, 0], "uv": [0, 0]},
						{"origin": [511.9, 0.5, -768], "size": [0, 2048, 256], "uv": [0, 0]}
					]
				},
				{
					"name": "7",
					"parent": "chunk",
					"pivot": [256, 0, -256],
					"cubes": [
						{"origin": [256.1, 0.5, -512], "size": [256, 2048, 0], "uv": [0, 0]},
						{"origin": [511.9, 0.5, -512], "size": [0, 2048, 256], "uv": [0, 0]}
					]
				},
				{
					"name": "14",
					"parent": "chunk",
					"pivot": [256, 0, 256],
					"cubes": [
						{"origin": [256.1, 0.5, 511.9], "size": [256, 2048, 0], "uv": [0, 0]},
						{"origin": [511.9, 0.5, 256.1], "size": [0, 2048, 256], "uv": [0, 0]}
					]
				},
				{
					"name": "5",
					"parent": "chunk",
					"pivot": [256, 0, 0],
					"cubes": [
						{"origin": [256.1, 0.5, -0.1], "size": [256, 2048, 0], "uv": [0, 0]},
						{"origin": [256.1, 0.5, -255.9], "size": [256, 2048, 0], "uv": [0, 0]},
						{"origin": [511.9, 0.5, -255.9], "size": [0, 2048, 256], "uv": [0, 0]}
					]
				},
				{
					"name": "6",
					"parent": "chunk",
					"pivot": [256, 0, 256],
					"cubes": [
						{"origin": [256.1, 0.5, 255.9], "size": [256, 2048, 0], "uv": [0, 0]},
						{"origin": [511.9, 0.5, 0.1], "size": [0, 2048, 256], "uv": [0, 0]}
					]
				},
				{
					"name": "21",
					"parent": "chunk",
					"pivot": [566.7, 0, -512.1],
					"cubes": [
						{"origin": [512.1, 0.5, -768], "size": [256, 2048, 0], "uv": [0, 0]},
						{"origin": [767.9, 0.5, -768], "size": [0, 2048, 256], "uv": [0, 0]}
					]
				},
				{
					"name": "22",
					"parent": "chunk",
					"pivot": [566.7, 0, -256],
					"cubes": [
						{"origin": [512.1, 0.5, -512], "size": [256, 2048, 0], "uv": [0, 0]},
						{"origin": [767.9, 0.5, -512], "size": [0, 2048, 256], "uv": [0, 0]}
					]
				},
				{
					"name": "23",
					"parent": "chunk",
					"pivot": [566.7, 0, 0],
					"cubes": [
						{"origin": [512.1, 0.5, -0.1], "size": [256, 2048, 0], "uv": [0, 0]},
						{"origin": [512.1, 0.5, -255.9], "size": [256, 2048, 0], "uv": [0, 0]},
						{"origin": [767.9, 0.5, -255.9], "size": [0, 2048, 256], "uv": [0, 0]}
					]
				},
				{
					"name": "24",
					"parent": "chunk",
					"pivot": [566.7, 0, 256],
					"cubes": [
						{"origin": [512.1, 0.5, 511.9], "size": [256, 2048, 0], "uv": [0, 0]},
						{"origin": [767.9, 0.5, 256.1], "size": [0, 2048, 256], "uv": [0, 0]}
					]
				},
				{
					"name": "25",
					"parent": "chunk",
					"pivot": [566.7, 0, 256],
					"cubes": [
						{"origin": [512.1, 0.5, 255.9], "size": [256, 2048, 0], "uv": [0, 0]},
						{"origin": [767.9, 0.5, 0.1], "size": [0, 2048, 256], "uv": [0, 0]}
					]
				}
			]
		}
	]
}