{
	"format_version": "1.12.0",
	"minecraft:geometry": [		
		{
			"description": {
				"identifier": "geometry.markers.coords_title",
				"texture_width": 208,
				"texture_height": 16,
				"visible_bounds_width": 4096,
				"visible_bounds_height": 4096,
				"visible_bounds_offset": [0, 0.75, 0]
			},
			"bones": [
				{
					"name": "coords_title",
					"pivot": [0, 0, 0],
					"cubes": [
						{"origin": [-48, 64, -48.1], "size": [96, 8, 8], "uv": [0, 0]},
						{"origin": [-48, 64, 15.9], "size": [96, 8, 8], "pivot": [32, -7, 32], "rotation": [0, -90, 0], "uv": [0, 0]},
						{"origin": [-96, 64, -64.1], "size": [96, 8, 8], "pivot": [-16, -7, -32], "rotation": [0, 90, 0], "uv": [0, 0]},
						{"origin": [-80, 64, 15.9], "size": [96, 8, 8], "pivot": [-16, -7, 32], "rotation": [0, 180, 0], "uv": [0, 0]}
					]
				}
			]
		},
		{
			"description": {
				"identifier": "geometry.markers.cx_u",
				"texture_width": 64,
				"texture_height": 64,
				"visible_bounds_width": 1024,
				"visible_bounds_height": 1024,
				"visible_bounds_offset": [0, 0.75, 0]
			},
			"bones": [
				{
					"name": "cx",
					"pivot": [0, 0, 0]
				},
				{
					"name": "units",
					"parent": "cx",
					"pivot": [0, 0, 0],
					"cubes": [
						{"origin": [32, 48, -48.1], "size": [16, 16, 8], "uv": [8, 24]},
						{"origin": [32, 48, 15.9], "size": [16, 16, 8], "pivot": [32, 0, 32], "rotation": [0, -90, 0], "uv": [8, 24]},
						{"origin": [-16, 48, -64.1], "size": [16, 16, 8], "pivot": [-16, 0, -32], "rotation": [0, 90, 0], "uv": [8, 24]},
						{"origin": [0, 48, 15.9], "size": [16, 16, 8], "pivot": [-16, 0, 32], "rotation": [0, 180, 0], "uv": [8, 24]}
					]
				}
			]
		},		
		{
			"description": {
				"identifier": "geometry.markers.cx_t",
				"texture_width": 64,
				"texture_height": 64,
				"visible_bounds_width": 1024,
				"visible_bounds_height": 1024,
				"visible_bounds_offset": [0, 0.75, 0]
			},
			"bones": [
				{
					"name": "cx",
					"pivot": [0, 0, 0]
				},
				{
					"name": "tens",
					"parent": "cx",
					"pivot": [0, 0, 0],
					"cubes": [
						{"origin": [16, 48, -48.1], "size": [16, 16, 8], "uv": [8, 24]},
						{"origin": [16, 48, 15.9], "size": [16, 16, 8], "pivot": [32, 0, 32], "rotation": [0, -90, 0], "uv": [8, 24]},
						{"origin": [-32, 48, -64.1], "size": [16, 16, 8], "pivot": [-16, 0, -32], "rotation": [0, 90, 0], "uv": [8, 24]},
						{"origin": [-16, 48, 15.9], "size": [16, 16, 8], "pivot": [-16, 0, 32], "rotation": [0, 180, 0], "uv": [8, 24]}
					]
				}
			]
		},		
		{
			"description": {
				"identifier": "geometry.markers.cx_h",
				"texture_width": 64,
				"texture_height": 64,
				"visible_bounds_width": 1024,
				"visible_bounds_height": 1024,
				"visible_bounds_offset": [0, 0.75, 0]
			},
			"bones": [
				{
					"name": "cx",
					"pivot": [0, 0, 0]
				},
				{
					"name": "hundreds",
					"parent": "cx",
					"pivot": [0, 0, 0],
					"cubes": [
						{"origin": [0, 48, -48.1], "size": [16, 16, 8], "uv": [8, 24]},
						{"origin": [0, 48, 15.9], "size": [16, 16, 8], "pivot": [32, 0, 32], "rotation": [0, -90, 0], "uv": [8, 24]},
						{"origin": [-64, 48, -80.1], "size": [16, 16, 8], "pivot": [-16, 0, -48], "rotation": [0, 90, 0], "uv": [8, 24]},
						{"origin": [-32, 48, -16.1], "size": [16, 16, 8], "pivot": [-16, 0, 16], "rotation": [0, 180, 0], "uv": [8, 24]}
					]
				}
			]
		},		
		{
			"description": {
				"identifier": "geometry.markers.cx_k",
				"texture_width": 64,
				"texture_height": 64,
				"visible_bounds_width": 1024,
				"visible_bounds_height": 1024,
				"visible_bounds_offset": [0, 0.75, 0]
			},
			"bones": [
				{
					"name": "cx",
					"pivot": [0, 0, 0]
				},
				{
					"name": "thousands",
					"parent": "cx",
					"pivot": [0, 0, 0],
					"cubes": [
						{"origin": [-16, 48, -48.1], "size": [16, 16, 8], "uv": [8, 24]},
						{"origin": [-16, 48, 15.9], "size": [16, 16, 8], "pivot": [32, 0, 32], "rotation": [0, -90, 0], "uv": [8, 24]},
						{"origin": [-80, 48, -80.1], "size": [16, 16, 8], "pivot": [-16, 0, -48], "rotation": [0, 90, 0], "uv": [8, 24]},
						{"origin": [-48, 48, -16.1], "size": [16, 16, 8], "pivot": [-16, 0, 16], "rotation": [0, 180, 0], "uv": [8, 24]}
					]
				}
			]
		},		
		{
			"description": {
				"identifier": "geometry.markers.cx_k2",
				"texture_width": 64,
				"texture_height": 64,
				"visible_bounds_width": 1024,
				"visible_bounds_height": 1024,
				"visible_bounds_offset": [0, 0.75, 0]
			},
			"bones": [
				{
					"name": "cx",
					"pivot": [0, 0, 0]
				},
				{
					"name": "thousands2",
					"parent": "cx",
					"pivot": [0, 0, 0],
					"cubes": [
						{"origin": [-32, 48, -48.1], "size": [16, 16, 8], "uv": [8, 24]},
						{"origin": [-32, 48, 15.9], "size": [16, 16, 8], "pivot": [32, 0, 32], "rotation": [0, -90, 0], "uv": [8, 24]},
						{"origin": [-96, 48, -80.1], "size": [16, 16, 8], "pivot": [-16, 0, -48], "rotation": [0, 90, 0], "uv": [8, 24]},
						{"origin": [-64, 48, -16.1], "size": [16, 16, 8], "pivot": [-16, 0, 16], "rotation": [0, 180, 0], "uv": [8, 24]}
					]
				}
			]
		},		
		{
			"description": {
				"identifier": "geometry.markers.cx_k3",
				"texture_width": 64,
				"texture_height": 64,
				"visible_bounds_width": 1024,
				"visible_bounds_height": 1024,
				"visible_bounds_offset": [0, 0.75, 0]
			},
			"bones": [
				{
					"name": "cx",
					"pivot": [0, 0, 0]
				},
				{
					"name": "thousands3",
					"parent": "cx",
					"pivot": [0, 0, 0],
					"cubes": [
						{"origin": [-48, 48, -48.1], "size": [16, 16, 8], "uv": [8, 24]},
						{"origin": [-48, 48, 15.9], "size": [16, 16, 8], "pivot": [32, 0, 32], "rotation": [0, -90, 0], "uv": [8, 24]},
						{"origin": [-112, 48, -80.1], "size": [16, 16, 8], "pivot": [-16, 0, -48], "rotation": [0, 90, 0], "uv": [8, 24]},
						{"origin": [-80, 48, -16.1], "size": [16, 16, 8], "pivot": [-16, 0, 16], "rotation": [0, 180, 0], "uv": [8, 24]}
					]
				}
			]
		},
		{
			"description": {
				"identifier": "geometry.markers.cy_u",
				"texture_width": 64,
				"texture_height": 64,
				"visible_bounds_width": 1024,
				"visible_bounds_height": 1024,
				"visible_bounds_offset": [0, 0.75, 0]
			},
			"bones": [
				{
					"name": "cy",
					"pivot": [0, 0, 0]
				},
				{
					"name": "units",
					"parent": "cy",
					"pivot": [0, 0, 0],
					"cubes": [
						{"origin": [32, 32, -48.1], "size": [16, 16, 8], "uv": [8, 24]},
						{"origin": [32, 32, 15.9], "size": [16, 16, 8], "pivot": [32, 0, 32], "rotation": [0, -90, 0], "uv": [8, 24]},
						{"origin": [-16, 32, -64.1], "size": [16, 16, 8], "pivot": [-16, 0, -32], "rotation": [0, 90, 0], "uv": [8, 24]},
						{"origin": [0, 32, 15.9], "size": [16, 16, 8], "pivot": [-16, 0, 32], "rotation": [0, 180, 0], "uv": [8, 24]}
					]
				}
			]
		},		
		{
			"description": {
				"identifier": "geometry.markers.cy_t",
				"texture_width": 64,
				"texture_height": 64,
				"visible_bounds_width": 1024,
				"visible_bounds_height": 1024,
				"visible_bounds_offset": [0, 0.75, 0]
			},
			"bones": [
				{
					"name": "cy",
					"pivot": [0, 0, 0]
				},
				{
					"name": "tens",
					"parent": "cy",
					"pivot": [0, 0, 0],
					"cubes": [
						{"origin": [16, 32, -48.1], "size": [16, 16, 8], "uv": [8, 24]},
						{"origin": [16, 32, 15.9], "size": [16, 16, 8], "pivot": [32, 0, 32], "rotation": [0, -90, 0], "uv": [8, 24]},
						{"origin": [-32, 32, -64.1], "size": [16, 16, 8], "pivot": [-16, 0, -32], "rotation": [0, 90, 0], "uv": [8, 24]},
						{"origin": [-16, 32, 15.9], "size": [16, 16, 8], "pivot": [-16, 0, 32], "rotation": [0, 180, 0], "uv": [8, 24]}
					]
				}
			]
		},		
		{
			"description": {
				"identifier": "geometry.markers.cy_h",
				"texture_width": 64,
				"texture_height": 64,
				"visible_bounds_width": 1024,
				"visible_bounds_height": 1024,
				"visible_bounds_offset": [0, 0.75, 0]
			},
			"bones": [
				{
					"name": "cy",
					"pivot": [0, 0, 0]
				},
				{
					"name": "hundreds",
					"parent": "cy",
					"pivot": [0, 0, 0],
					"cubes": [
						{"origin": [0, 32, -48.1], "size": [16, 16, 8], "uv": [8, 24]},
						{"origin": [0, 32, 15.9], "size": [16, 16, 8], "pivot": [32, 0, 32], "rotation": [0, -90, 0], "uv": [8, 24]},
						{"origin": [-64, 32, -80.1], "size": [16, 16, 8], "pivot": [-16, 0, -48], "rotation": [0, 90, 0], "uv": [8, 24]},
						{"origin": [-32, 32, -16.1], "size": [16, 16, 8], "pivot": [-16, 0, 16], "rotation": [0, 180, 0], "uv": [8, 24]}
					]
				}
			]
		},		
		{
			"description": {
				"identifier": "geometry.markers.cy_k",
				"texture_width": 64,
				"texture_height": 64,
				"visible_bounds_width": 1024,
				"visible_bounds_height": 1024,
				"visible_bounds_offset": [0, 0.75, 0]
			},
			"bones": [
				{
					"name": "cy",
					"pivot": [0, 0, 0]
				},
				{
					"name": "thousands",
					"parent": "cy",
					"pivot": [0, 0, 0],
					"cubes": [
						{"origin": [-16, 32, -48.1], "size": [16, 16, 8], "uv": [8, 24]},
						{"origin": [-16, 32, 15.9], "size": [16, 16, 8], "pivot": [32, 0, 32], "rotation": [0, -90, 0], "uv": [8, 24]},
						{"origin": [-80, 32, -80.1], "size": [16, 16, 8], "pivot": [-16, 0, -48], "rotation": [0, 90, 0], "uv": [8, 24]},
						{"origin": [-48, 32, -16.1], "size": [16, 16, 8], "pivot": [-16, 0, 16], "rotation": [0, 180, 0], "uv": [8, 24]}
					]
				}
			]
		},		
		{
			"description": {
				"identifier": "geometry.markers.cy_k2",
				"texture_width": 64,
				"texture_height": 64,
				"visible_bounds_width": 1024,
				"visible_bounds_height": 1024,
				"visible_bounds_offset": [0, 0.75, 0]
			},
			"bones": [
				{
					"name": "cy",
					"pivot": [0, 0, 0]
				},
				{
					"name": "thousands2",
					"parent": "cy",
					"pivot": [0, 0, 0],
					"cubes": [
						{"origin": [-32, 32, -48.1], "size": [16, 16, 8], "uv": [8, 24]},
						{"origin": [-32, 32, 15.9], "size": [16, 16, 8], "pivot": [32, 0, 32], "rotation": [0, -90, 0], "uv": [8, 24]},
						{"origin": [-96, 32, -80.1], "size": [16, 16, 8], "pivot": [-16, 0, -48], "rotation": [0, 90, 0], "uv": [8, 24]},
						{"origin": [-64, 32, -16.1], "size": [16, 16, 8], "pivot": [-16, 0, 16], "rotation": [0, 180, 0], "uv": [8, 24]}
					]
				}
			]
		},		
		{
			"description": {
				"identifier": "geometry.markers.cy_k3",
				"texture_width": 64,
				"texture_height": 64,
				"visible_bounds_width": 1024,
				"visible_bounds_height": 1024,
				"visible_bounds_offset": [0, 0.75, 0]
			},
			"bones": [
				{
					"name": "cy",
					"pivot": [0, 0, 0]
				},
				{
					"name": "thousands3",
					"parent": "cy",
					"pivot": [0, 0, 0],
					"cubes": [
						{"origin": [-48, 32, -48.1], "size": [16, 16, 8], "uv": [8, 24]},
						{"origin": [-48, 32, 15.9], "size": [16, 16, 8], "pivot": [32, 0, 32], "rotation": [0, -90, 0], "uv": [8, 24]},
						{"origin": [-112, 32, -80.1], "size": [16, 16, 8], "pivot": [-16, 0, -48], "rotation": [0, 90, 0], "uv": [8, 24]},
						{"origin": [-80, 32, -16.1], "size": [16, 16, 8], "pivot": [-16, 0, 16], "rotation": [0, 180, 0], "uv": [8, 24]}
					]
				}
			]
		},		
		{
			"description": {
				"identifier": "geometry.markers.cz_u",
				"texture_width": 64,
				"texture_height": 64,
				"visible_bounds_width": 1024,
				"visible_bounds_height": 1024,
				"visible_bounds_offset": [0, 0.75, 0]
			},
			"bones": [
				{
					"name": "cz",
					"pivot": [0, 0, 0]
				},
				{
					"name": "units",
					"parent": "cz",
					"pivot": [0, 0, 0],
					"cubes": [
						{"origin": [32, 16, -48.1], "size": [16, 16, 8], "uv": [8, 24]},
						{"origin": [32, 16, 15.9], "size": [16, 16, 8], "pivot": [32, 0, 32], "rotation": [0, -90, 0], "uv": [8, 24]},
						{"origin": [-16, 16, -64.1], "size": [16, 16, 8], "pivot": [-16, 0, -32], "rotation": [0, 90, 0], "uv": [8, 24]},
						{"origin": [0, 16, 15.9], "size": [16, 16, 8], "pivot": [-16, 0, 32], "rotation": [0, 180, 0], "uv": [8, 24]}
					]
				}
			]
		},		
		{
			"description": {
				"identifier": "geometry.markers.cz_t",
				"texture_width": 64,
				"texture_height": 64,
				"visible_bounds_width": 1024,
				"visible_bounds_height": 1024,
				"visible_bounds_offset": [0, 0.75, 0]
			},
			"bones": [
				{
					"name": "cz",
					"pivot": [0, 0, 0]
				},
				{
					"name": "tens",
					"parent": "cz",
					"pivot": [0, 0, 0],
					"cubes": [
						{"origin": [16, 16, -48.1], "size": [16, 16, 8], "uv": [8, 24]},
						{"origin": [16, 16, 15.9], "size": [16, 16, 8], "pivot": [32, 0, 32], "rotation": [0, -90, 0], "uv": [8, 24]},
						{"origin": [-32, 16, -64.1], "size": [16, 16, 8], "pivot": [-16, 0, -32], "rotation": [0, 90, 0], "uv": [8, 24]},
						{"origin": [-16, 16, 15.9], "size": [16, 16, 8], "pivot": [-16, 0, 32], "rotation": [0, 180, 0], "uv": [8, 24]}
					]
				}
			]
		},		
		{
			"description": {
				"identifier": "geometry.markers.cz_h",
				"texture_width": 64,
				"texture_height": 64,
				"visible_bounds_width": 1024,
				"visible_bounds_height": 1024,
				"visible_bounds_offset": [0, 0.75, 0]
			},
			"bones": [
				{
					"name": "cz",
					"pivot": [0, 0, 0]
				},
				{
					"name": "hundreds",
					"parent": "cz",
					"pivot": [0, 0, 0],
					"cubes": [
						{"origin": [0, 16, -48.1], "size": [16, 16, 8], "uv": [8, 24]},
						{"origin": [0, 16, 15.9], "size": [16, 16, 8], "pivot": [32, 0, 32], "rotation": [0, -90, 0], "uv": [8, 24]},
						{"origin": [-64, 16, -80.1], "size": [16, 16, 8], "pivot": [-16, 0, -48], "rotation": [0, 90, 0], "uv": [8, 24]},
						{"origin": [-32, 16, -16.1], "size": [16, 16, 8], "pivot": [-16, 0, 16], "rotation": [0, 180, 0], "uv": [8, 24]}
					]
				}
			]
		},		
		{
			"description": {
				"identifier": "geometry.markers.cz_k",
				"texture_width": 64,
				"texture_height": 64,
				"visible_bounds_width": 1024,
				"visible_bounds_height": 1024,
				"visible_bounds_offset": [0, 0.75, 0]
			},
			"bones": [
				{
					"name": "cz",
					"pivot": [0, 0, 0]
				},
				{
					"name": "thousands",
					"parent": "cz",
					"pivot": [0, 0, 0],
					"cubes": [
						{"origin": [-16, 16, -48.1], "size": [16, 16, 8], "uv": [8, 24]},
						{"origin": [-16, 16, 15.9], "size": [16, 16, 8], "pivot": [32, 0, 32], "rotation": [0, -90, 0], "uv": [8, 24]},
						{"origin": [-80, 16, -80.1], "size": [16, 16, 8], "pivot": [-16, 0, -48], "rotation": [0, 90, 0], "uv": [8, 24]},
						{"origin": [-48, 16, -16.1], "size": [16, 16, 8], "pivot": [-16, 0, 16], "rotation": [0, 180, 0], "uv": [8, 24]}
					]
				}
			]
		},		
		{
			"description": {
				"identifier": "geometry.markers.cz_k2",
				"texture_width": 64,
				"texture_height": 64,
				"visible_bounds_width": 1024,
				"visible_bounds_height": 1024,
				"visible_bounds_offset": [0, 0.75, 0]
			},
			"bones": [
				{
					"name": "cz",
					"pivot": [0, 0, 0]
				},
				{
					"name": "thousands2",
					"parent": "cz",
					"pivot": [0, 0, 0],
					"cubes": [
						{"origin": [-32, 16, -48.1], "size": [16, 16, 8], "uv": [8, 24]},
						{"origin": [-32, 16, 15.9], "size": [16, 16, 8], "pivot": [32, 0, 32], "rotation": [0, -90, 0], "uv": [8, 24]},
						{"origin": [-96, 16, -80.1], "size": [16, 16, 8], "pivot": [-16, 0, -48], "rotation": [0, 90, 0], "uv": [8, 24]},
						{"origin": [-64, 16, -16.1], "size": [16, 16, 8], "pivot": [-16, 0, 16], "rotation": [0, 180, 0], "uv": [8, 24]}
					]
				}
			]
		},		
		{
			"description": {
				"identifier": "geometry.markers.cz_k3",
				"texture_width": 64,
				"texture_height": 64,
				"visible_bounds_width": 1024,
				"visible_bounds_height": 1024,
				"visible_bounds_offset": [0, 0.75, 0]
			},
			"bones": [
				{
					"name": "cz",
					"pivot": [0, 0, 0]
				},
				{
					"name": "thousands3",
					"parent": "cz",
					"pivot": [0, 0, 0],
					"cubes": [
						{"origin": [-48, 16, -48.1], "size": [16, 16, 8], "uv": [8, 24]},
						{"origin": [-48, 16, 15.9], "size": [16, 16, 8], "pivot": [32, 0, 32], "rotation": [0, -90, 0], "uv": [8, 24]},
						{"origin": [-112, 16, -80.1], "size": [16, 16, 8], "pivot": [-16, 0, -48], "rotation": [0, 90, 0], "uv": [8, 24]},
						{"origin": [-80, 16, -16.1], "size": [16, 16, 8], "pivot": [-16, 0, 16], "rotation": [0, 180, 0], "uv": [8, 24]}
					]
				}
			]
		}
	]
}