{
	"format_version": "1.12.0",
	"minecraft:geometry": [
		{
			"description": {
				"identifier": "geometry.markers.sh_u",
				"texture_width": 64,
				"texture_height": 64,
				"visible_bounds_width": 4096,
				"visible_bounds_height": 4096,
				"visible_bounds_offset": [0, 0.75, 0]
			},
			"bones": [
				{
					"name": "screen_h",
					"pivot": [0, 0, 0]
				},
				{
					"name": "units",
					"parent": "screen_h",
					"pivot": [0, 0, 0],
					"cubes": [
						{"origin": [0, 32, -16.1], "size": [16, 16, 8], "uv": [8, 24]},
						{"origin": [0, 32, -16.1], "size": [16, 16, 8], "pivot": [0, 0, 0], "rotation": [0, -90, 0], "uv": [8, 24]},
						{"origin": [0, 32, -16.1], "size": [16, 16, 8], "pivot": [0, 0, 0], "rotation": [0, 90, 0], "uv": [8, 24]},
						{"origin": [0, -16, -48.1], "size": [16, 32, 16], "pivot": [0, 0, 0], "rotation": [-90, 0, 0], "uv": [0, 8]},
						{"origin": [0, 32, -16.1], "size": [16, 16, 8], "pivot": [0, 0, 0], "rotation": [0, 180, 0], "uv": [8, 24]}
					]
				}
			]
		},
		{
			"description": {
				"identifier": "geometry.markers.sh_t",
				"texture_width": 64,
				"texture_height": 64,
				"visible_bounds_width": 1024,
				"visible_bounds_height": 1024,
				"visible_bounds_offset": [0, 0.75, 0]
			},
			"bones": [
				{
					"name": "screen_h",
					"pivot": [0, 0, 0]
				},
				{
					"name": "tens",
					"parent": "screen_h",
					"pivot": [0, 0, 0],
					"cubes": [
						{"origin": [-16, 32, -16.1], "size": [16, 16, 8], "uv": [8, 24]},
						{"origin": [-16, 32, -16.1], "size": [16, 16, 8], "pivot": [0, 0, 0], "rotation": [0, -90, 0], "uv": [8, 24]},
						{"origin": [-16, 32, -16.1], "size": [16, 16, 8], "pivot": [0, 0, 0], "rotation": [0, 90, 0], "uv": [8, 24]},
						{"origin": [-16, -16, -48.1], "size": [16, 32, 16], "pivot": [0, 0, 0], "rotation": [-90, 0, 0], "uv": [0, 8]},
						{"origin": [-16, 32, -16.1], "size": [16, 16, 8], "pivot": [0, 0, 0], "rotation": [0, 180, 0], "uv": [8, 24]}
					]
				}
			]
		}
	]
}