{
	"format_version": "1.12.0",
	"minecraft:geometry": [
		{
			"description": {
				"identifier": "geometry.markers.sk_title",
				"texture_width": 112,
				"texture_height": 16,
				"visible_bounds_width": 4096,
				"visible_bounds_height": 4096,
				"visible_bounds_offset": [0, 0.75, 0]
			},
			"bones": [
				{
					"name": "screen_k_title",
					"pivot": [0, 0, 0],
					"cubes": [
						{"origin": [-24, 48, -24.1], "size": [48, 8, 8], "uv": [0, 0]},
						{"origin": [-24, 48, -24.1], "size": [48, 8, 8], "pivot": [0, 0, 0], "rotation": [0, -90, 0], "uv": [0, 0]},
						{"origin": [-24, 48, -24.1], "size": [48, 8, 8], "pivot": [0, 0, 0], "rotation": [0, 90, 0], "uv": [0, 0]},
						{"origin": [-24, 48, -24.1], "size": [48, 8, 8], "pivot": [0, 0, 0], "rotation": [0, 180, 0], "uv": [0, 0]}
					]
				}
			]
		},
		{
			"description": {
				"identifier": "geometry.markers.sk_u",
				"texture_width": 64,
				"texture_height": 64,
				"visible_bounds_width": 1024,
				"visible_bounds_height": 1024,
				"visible_bounds_offset": [0, 0.75, 0]
			},
			"bones": [
				{
					"name": "screen_k",
					"pivot": [0, 0, 0]
				},
				{
					"name": "units",
					"parent": "screen_k",
					"pivot": [0, 0, 0],
					"cubes": [
						{"origin": [8, 32, -24.1], "size": [16, 16, 8], "uv": [8, 24]},
						{"origin": [8, 32, -8.1], "size": [16, 16, 8], "pivot": [8, 0, 8], "rotation": [0, -90, 0], "uv": [8, 24]},
						{"origin": [8, 32, -40.1], "size": [16, 16, 8], "pivot": [8, 0, -8], "rotation": [0, 90, 0], "uv": [8, 24]},
						{"origin": [24, 32, -8.1], "size": [16, 16, 8], "pivot": [8, 0, 8], "rotation": [0, 180, 0], "uv": [8, 24]}
					]
				}
			]
		},
		{
			"description": {
				"identifier": "geometry.markers.sk_t",
				"texture_width": 64,
				"texture_height": 64,
				"visible_bounds_width": 1024,
				"visible_bounds_height": 1024,
				"visible_bounds_offset": [0, 0.75, 0]
			},
			"bones": [
				{
					"name": "screen_k",
					"pivot": [0, 0, 0]
				},
				{
					"name": "tens",
					"parent": "screen_k",
					"pivot": [0, 0, 0],
					"cubes": [
						{"origin": [-8, 32, -24.1], "size": [16, 16, 8], "uv": [8, 24]},
						{"origin": [-8, 32, -8.1], "size": [16, 16, 8], "pivot": [8, 0, 8], "rotation": [0, -90, 0], "uv": [8, 24]},
						{"origin": [-8, 32, -40.1], "size": [16, 16, 8], "pivot": [8, 0, -8], "rotation": [0, 90, 0], "uv": [8, 24]},
						{"origin": [8, 32, -8.1], "size": [16, 16, 8], "pivot": [8, 0, 8], "rotation": [0, 180, 0], "uv": [8, 24]}
					]
				}
			]
		},
		{
			"description": {
				"identifier": "geometry.markers.sk_h",
				"texture_width": 64,
				"texture_height": 64,
				"visible_bounds_width": 1024,
				"visible_bounds_height": 1024,
				"visible_bounds_offset": [0, 0.75, 0]
			},
			"bones": [
				{
					"name": "screen_k",
					"pivot": [0, 0, 0]
				},
				{
					"name": "hundreds",
					"parent": "screen_k",
					"pivot": [0, 0, 0],
					"cubes": [
						{"origin": [-24, 32, -24.1], "size": [16, 16, 8], "uv": [8, 24]},
						{"origin": [-24, 32, -8.1], "size": [16, 16, 8], "pivot": [8, 0, 8], "rotation": [0, -90, 0], "uv": [8, 24]},
						{"origin": [-40, 32, -56.1], "size": [16, 16, 8], "pivot": [8, 0, -24], "rotation": [0, 90, 0], "uv": [8, 24]},
						{"origin": [-8, 32, -40.1], "size": [16, 16, 8], "pivot": [8, 0, -8], "rotation": [0, 180, 0], "uv": [8, 24]}
					]
				}
			]
		}
	]
}