{
	"format_version": "1.12.0",
	"minecraft:geometry": [
		{
			"description": {
				"identifier": "geometry.markers.spawner_outer",
				"texture_width": 16,
				"texture_height": 16,
				"visible_bounds_width": 4096,
				"visible_bounds_height": 4096,
				"visible_bounds_offset": [0, 0, 0]
			},
			"bones": [
				{
					"name": "spawner_outer",
					"pivot": [0, -24, 0]
				},
				{
					"name": "1",
					"parent": "spawner_outer",
					"pivot": [0, -24, 0],
					"cubes": [
						{"origin": [-22.5, 224, -22.5], "size": [45, 0, 45], "uv": [0, 0]},
						{"origin": [-22.5, -288, -22.5], "size": [45, 0, 45], "uv": [0, 0]},
						{"origin": [-22.5, 224, -22.5], "size": [45, 0, 45], "pivot": [0, -32, 0], "rotation": [0, 0, 10], "uv": [0, 0]},
						{"origin": [-22.5, -288, -22.5], "size": [45, 0, 45], "pivot": [0, -32, 0], "rotation": [0, 0, 10], "uv": [0, 0]},
						{"origin": [-22.5, 224, -22.5], "size": [45, 0, 45], "pivot": [0, -32, 0], "rotation": [0, 0, 20], "uv": [0, 0]},
						{"origin": [-22.5, -288, -22.5], "size": [45, 0, 45], "pivot": [0, -32, 0], "rotation": [0, 0, 20], "uv": [0, 0]},
						{"origin": [-22.5, 224, -22.5], "size": [45, 0, 45], "pivot": [0, -32, 0], "rotation": [0, 0, 30], "uv": [0, 0]},
						{"origin": [-22.5, -288, -22.5], "size": [45, 0, 45], "pivot": [0, -32, 0], "rotation": [0, 0, 30], "uv": [0, 0]},
						{"origin": [-22.5, 224, -22.5], "size": [45, 0, 45], "pivot": [0, -32, 0], "rotation": [0, 0, 40], "uv": [0, 0]},
						{"origin": [-22.5, -288, -22.5], "size": [45, 0, 45], "pivot": [0, -32, 0], "rotation": [0, 0, 40], "uv": [0, 0]},
						{"origin": [-22.5, 224, -22.5], "size": [45, 0, 45], "pivot": [0, -32, 0], "rotation": [0, 0, 50], "uv": [0, 0]},
						{"origin": [-22.5, -288, -22.5], "size": [45, 0, 45], "pivot": [0, -32, 0], "rotation": [0, 0, 50], "uv": [0, 0]},
						{"origin": [-22.5, 224, -22.5], "size": [45, 0, 45], "pivot": [0, -32, 0], "rotation": [0, 0, 60], "uv": [0, 0]},
						{"origin": [-22.5, -288, -22.5], "size": [45, 0, 45], "pivot": [0, -32, 0], "rotation": [0, 0, 60], "uv": [0, 0]},
						{"origin": [-22.5, 224, -22.5], "size": [45, 0, 45], "pivot": [0, -32, 0], "rotation": [0, 0, 70], "uv": [0, 0]},
						{"origin": [-22.5, -288, -22.5], "size": [45, 0, 45], "pivot": [0, -32, 0], "rotation": [0, 0, 70], "uv": [0, 0]},
						{"origin": [-22.5, 224, -22.5], "size": [45, 0, 45], "pivot": [0, -32, 0], "rotation": [0, 0, 80], "uv": [0, 0]},
						{"origin": [-22.5, -288, -22.5], "size": [45, 0, 45], "pivot": [0, -32, 0], "rotation": [0, 0, 80], "uv": [0, 0]},
						{"origin": [-22.5, 224, -22.5], "size": [45, 0, 45], "pivot": [0, -32, 0], "rotation": [0, 0, 90], "uv": [0, 0]},
						{"origin": [-22.5, -288, -22.5], "size": [45, 0, 45], "pivot": [0, -32, 0], "rotation": [0, 0, 90], "uv": [0, 0]},
						{"origin": [-22.5, 224, -22.5], "size": [45, 0, 45], "pivot": [0, -32, 0], "rotation": [0, 0, 100], "uv": [0, 0]},
						{"origin": [-22.5, -288, -22.5], "size": [45, 0, 45], "pivot": [0, -32, 0], "rotation": [0, 0, 100], "uv": [0, 0]},
						{"origin": [-22.5, 224, -22.5], "size": [45, 0, 45], "pivot": [0, -32, 0], "rotation": [0, 0, 110], "uv": [0, 0]},
						{"origin": [-22.5, -288, -22.5], "size": [45, 0, 45], "pivot": [0, -32, 0], "rotation": [0, 0, 110], "uv": [0, 0]},
						{"origin": [-22.5, 224, -22.5], "size": [45, 0, 45], "pivot": [0, -32, 0], "rotation": [0, 0, 120], "uv": [0, 0]},
						{"origin": [-22.5, -288, -22.5], "size": [45, 0, 45], "pivot": [0, -32, 0], "rotation": [0, 0, 120], "uv": [0, 0]},
						{"origin": [-22.5, 224, -22.5], "size": [45, 0, 45], "pivot": [0, -32, 0], "rotation": [0, 0, 130], "uv": [0, 0]},
						{"origin": [-22.5, -288, -22.5], "size": [45, 0, 45], "pivot": [0, -32, 0], "rotation": [0, 0, 130], "uv": [0, 0]},
						{"origin": [-22.5, 224, -22.5], "size": [45, 0, 45], "pivot": [0, -32, 0], "rotation": [0, 0, 140], "uv": [0, 0]},
						{"origin": [-22.5, -288, -22.5], "size": [45, 0, 45], "pivot": [0, -32, 0], "rotation": [0, 0, 140], "uv": [0, 0]},
						{"origin": [-22.5, 224, -22.5], "size": [45, 0, 45], "pivot": [0, -32, 0], "rotation": [0, 0, 150], "uv": [0, 0]},
						{"origin": [-22.5, -288, -22.5], "size": [45, 0, 45], "pivot": [0, -32, 0], "rotation": [0, 0, 150], "uv": [0, 0]},
						{"origin": [-22.5, 224, -22.5], "size": [45, 0, 45], "pivot": [0, -32, 0], "rotation": [0, 0, 160], "uv": [0, 0]},
						{"origin": [-22.5, -288, -22.5], "size": [45, 0, 45], "pivot": [0, -32, 0], "rotation": [0, 0, 160], "uv": [0, 0]},
						{"origin": [-22.5, 224, -22.5], "size": [45, 0, 45], "pivot": [0, -32, 0], "rotation": [0, 0, 170], "uv": [0, 0]},
						{"origin": [-22.5, -288, -22.5], "size": [45, 0, 45], "pivot": [0, -32, 0], "rotation": [0, 0, 170], "uv": [0, 0]},
						{"origin": [-22.5, 224, -22.5], "size": [45, 0, 45], "pivot": [0, -32, 0], "rotation": [0, 0, 90], "uv": [0, 0]},
						{"origin": [-22.5, -288, -22.5], "size": [45, 0, 45], "pivot": [0, -32, 0], "rotation": [0, 0, 90], "uv": [0, 0]}
					]
				},
				{
					"name": "2",
					"parent": "spawner_outer",
					"pivot": [0, -24, 0],
					"rotation": [0, -10, 0],
					"cubes": [
						{"origin": [-22.5, 224, -22.5], "size": [45, 0, 45], "uv": [0, 0]},
						{"origin": [-22.5, -288, -22.5], "size": [45, 0, 45], "uv": [0, 0]},
						{"origin": [-22.5, 224, -22.5], "size": [45, 0, 45], "pivot": [0, -32, 0], "rotation": [0, 0, 10], "uv": [0, 0]},
						{"origin": [-22.5, -288, -22.5], "size": [45, 0, 45], "pivot": [0, -32, 0], "rotation": [0, 0, 10], "uv": [0, 0]},
						{"origin": [-22.5, 224, -22.5], "size": [45, 0, 45], "pivot": [0, -32, 0], "rotation": [0, 0, 20], "uv": [0, 0]},
						{"origin": [-22.5, -288, -22.5], "size": [45, 0, 45], "pivot": [0, -32, 0], "rotation": [0, 0, 20], "uv": [0, 0]},
						{"origin": [-22.5, 224, -22.5], "size": [45, 0, 45], "pivot": [0, -32, 0], "rotation": [0, 0, 30], "uv": [0, 0]},
						{"origin": [-22.5, -288, -22.5], "size": [45, 0, 45], "pivot": [0, -32, 0], "rotation": [0, 0, 30], "uv": [0, 0]},
						{"origin": [-22.5, 224, -22.5], "size": [45, 0, 45], "pivot": [0, -32, 0], "rotation": [0, 0, 40], "uv": [0, 0]},
						{"origin": [-22.5, -288, -22.5], "size": [45, 0, 45], "pivot": [0, -32, 0], "rotation": [0, 0, 40], "uv": [0, 0]},
						{"origin": [-22.5, 224, -22.5], "size": [45, 0, 45], "pivot": [0, -32, 0], "rotation": [0, 0, 50], "uv": [0, 0]},
						{"origin": [-22.5, -288, -22.5], "size": [45, 0, 45], "pivot": [0, -32, 0], "rotation": [0, 0, 50], "uv": [0, 0]},
						{"origin": [-22.5, 224, -22.5], "size": [45, 0, 45], "pivot": [0, -32, 0], "rotation": [0, 0, 60], "uv": [0, 0]},
						{"origin": [-22.5, -288, -22.5], "size": [45, 0, 45], "pivot": [0, -32, 0], "rotation": [0, 0, 60], "uv": [0, 0]},
						{"origin": [-22.5, 224, -22.5], "size": [45, 0, 45], "pivot": [0, -32, 0], "rotation": [0, 0, 70], "uv": [0, 0]},
						{"origin": [-22.5, -288, -22.5], "size": [45, 0, 45], "pivot": [0, -32, 0], "rotation": [0, 0, 70], "uv": [0, 0]},
						{"origin": [-22.5, 224, -22.5], "size": [45, 0, 45], "pivot": [0, -32, 0], "rotation": [0, 0, 80], "uv": [0, 0]},
						{"origin": [-22.5, -288, -22.5], "size": [45, 0, 45], "pivot": [0, -32, 0], "rotation": [0, 0, 80], "uv": [0, 0]},
						{"origin": [-22.5, 224, -22.5], "size": [45, 0, 45], "pivot": [0, -32, 0], "rotation": [0, 0, 90], "uv": [0, 0]},
						{"origin": [-22.5, -288, -22.5], "size": [45, 0, 45], "pivot": [0, -32, 0], "rotation": [0, 0, 90], "uv": [0, 0]},
						{"origin": [-22.5, 224, -22.5], "size": [45, 0, 45], "pivot": [0, -32, 0], "rotation": [0, 0, 100], "uv": [0, 0]},
						{"origin": [-22.5, -288, -22.5], "size": [45, 0, 45], "pivot": [0, -32, 0], "rotation": [0, 0, 100], "uv": [0, 0]},
						{"origin": [-22.5, 224, -22.5], "size": [45, 0, 45], "pivot": [0, -32, 0], "rotation": [0, 0, 110], "uv": [0, 0]},
						{"origin": [-22.5, -288, -22.5], "size": [45, 0, 45], "pivot": [0, -32, 0], "rotation": [0, 0, 110], "uv": [0, 0]},
						{"origin": [-22.5, 224, -22.5], "size": [45, 0, 45], "pivot": [0, -32, 0], "rotation": [0, 0, 120], "uv": [0, 0]},
						{"origin": [-22.5, -288, -22.5], "size": [45, 0, 45], "pivot": [0, -32, 0], "rotation": [0, 0, 120], "uv": [0, 0]},
						{"origin": [-22.5, 224, -22.5], "size": [45, 0, 45], "pivot": [0, -32, 0], "rotation": [0, 0, 130], "uv": [0, 0]},
						{"origin": [-22.5, -288, -22.5], "size": [45, 0, 45], "pivot": [0, -32, 0], "rotation": [0, 0, 130], "uv": [0, 0]},
						{"origin": [-22.5, 224, -22.5], "size": [45, 0, 45], "pivot": [0, -32, 0], "rotation": [0, 0, 140], "uv": [0, 0]},
						{"origin": [-22.5, -288, -22.5], "size": [45, 0, 45], "pivot": [0, -32, 0], "rotation": [0, 0, 140], "uv": [0, 0]},
						{"origin": [-22.5, 224, -22.5], "size": [45, 0, 45], "pivot": [0, -32, 0], "rotation": [0, 0, 150], "uv": [0, 0]},
						{"origin": [-22.5, -288, -22.5], "size": [45, 0, 45], "pivot": [0, -32, 0], "rotation": [0, 0, 150], "uv": [0, 0]},
						{"origin": [-22.5, 224, -22.5], "size": [45, 0, 45], "pivot": [0, -32, 0], "rotation": [0, 0, 160], "uv": [0, 0]},
						{"origin": [-22.5, -288, -22.5], "size": [45, 0, 45], "pivot": [0, -32, 0], "rotation": [0, 0, 160], "uv": [0, 0]},
						{"origin": [-22.5, 224, -22.5], "size": [45, 0, 45], "pivot": [0, -32, 0], "rotation": [0, 0, 170], "uv": [0, 0]},
						{"origin": [-22.5, -288, -22.5], "size": [45, 0, 45], "pivot": [0, -32, 0], "rotation": [0, 0, 170], "uv": [0, 0]},
						{"origin": [-22.5, 224, -22.5], "size": [45, 0, 45], "pivot": [0, -32, 0], "rotation": [0, 0, 90], "uv": [0, 0]},
						{"origin": [-22.5, -288, -22.5], "size": [45, 0, 45], "pivot": [0, -32, 0], "rotation": [0, 0, 90], "uv": [0, 0]}
					]
				},
				{
					"name": "3",
					"parent": "spawner_outer",
					"pivot": [0, -24, 0],
					"rotation": [0, -20, 0],
					"cubes": [
						{"origin": [-22.5, 224, -22.5], "size": [45, 0, 45], "uv": [0, 0]},
						{"origin": [-22.5, -288, -22.5], "size": [45, 0, 45], "uv": [0, 0]},
						{"origin": [-22.5, 224, -22.5], "size": [45, 0, 45], "pivot": [0, -32, 0], "rotation": [0, 0, 10], "uv": [0, 0]},
						{"origin": [-22.5, -288, -22.5], "size": [45, 0, 45], "pivot": [0, -32, 0], "rotation": [0, 0, 10], "uv": [0, 0]},
						{"origin": [-22.5, 224, -22.5], "size": [45, 0, 45], "pivot": [0, -32, 0], "rotation": [0, 0, 20], "uv": [0, 0]},
						{"origin": [-22.5, -288, -22.5], "size": [45, 0, 45], "pivot": [0, -32, 0], "rotation": [0, 0, 20], "uv": [0, 0]},
						{"origin": [-22.5, 224, -22.5], "size": [45, 0, 45], "pivot": [0, -32, 0], "rotation": [0, 0, 30], "uv": [0, 0]},
						{"origin": [-22.5, -288, -22.5], "size": [45, 0, 45], "pivot": [0, -32, 0], "rotation": [0, 0, 30], "uv": [0, 0]},
						{"origin": [-22.5, 224, -22.5], "size": [45, 0, 45], "pivot": [0, -32, 0], "rotation": [0, 0, 40], "uv": [0, 0]},
						{"origin": [-22.5, -288, -22.5], "size": [45, 0, 45], "pivot": [0, -32, 0], "rotation": [0, 0, 40], "uv": [0, 0]},
						{"origin": [-22.5, 224, -22.5], "size": [45, 0, 45], "pivot": [0, -32, 0], "rotation": [0, 0, 50], "uv": [0, 0]},
						{"origin": [-22.5, -288, -22.5], "size": [45, 0, 45], "pivot": [0, -32, 0], "rotation": [0, 0, 50], "uv": [0, 0]},
						{"origin": [-22.5, 224, -22.5], "size": [45, 0, 45], "pivot": [0, -32, 0], "rotation": [0, 0, 60], "uv": [0, 0]},
						{"origin": [-22.5, -288, -22.5], "size": [45, 0, 45], "pivot": [0, -32, 0], "rotation": [0, 0, 60], "uv": [0, 0]},
						{"origin": [-22.5, 224, -22.5], "size": [45, 0, 45], "pivot": [0, -32, 0], "rotation": [0, 0, 70], "uv": [0, 0]},
						{"origin": [-22.5, -288, -22.5], "size": [45, 0, 45], "pivot": [0, -32, 0], "rotation": [0, 0, 70], "uv": [0, 0]},
						{"origin": [-22.5, 224, -22.5], "size": [45, 0, 45], "pivot": [0, -32, 0], "rotation": [0, 0, 80], "uv": [0, 0]},
						{"origin": [-22.5, -288, -22.5], "size": [45, 0, 45], "pivot": [0, -32, 0], "rotation": [0, 0, 80], "uv": [0, 0]},
						{"origin": [-22.5, 224, -22.5], "size": [45, 0, 45], "pivot": [0, -32, 0], "rotation": [0, 0, 90], "uv": [0, 0]},
						{"origin": [-22.5, -288, -22.5], "size": [45, 0, 45], "pivot": [0, -32, 0], "rotation": [0, 0, 90], "uv": [0, 0]},
						{"origin": [-22.5, 224, -22.5], "size": [45, 0, 45], "pivot": [0, -32, 0], "rotation": [0, 0, 100], "uv": [0, 0]},
						{"origin": [-22.5, -288, -22.5], "size": [45, 0, 45], "pivot": [0, -32, 0], "rotation": [0, 0, 100], "uv": [0, 0]},
						{"origin": [-22.5, 224, -22.5], "size": [45, 0, 45], "pivot": [0, -32, 0], "rotation": [0, 0, 110], "uv": [0, 0]},
						{"origin": [-22.5, -288, -22.5], "size": [45, 0, 45], "pivot": [0, -32, 0], "rotation": [0, 0, 110], "uv": [0, 0]},
						{"origin": [-22.5, 224, -22.5], "size": [45, 0, 45], "pivot": [0, -32, 0], "rotation": [0, 0, 120], "uv": [0, 0]},
						{"origin": [-22.5, -288, -22.5], "size": [45, 0, 45], "pivot": [0, -32, 0], "rotation": [0, 0, 120], "uv": [0, 0]},
						{"origin": [-22.5, 224, -22.5], "size": [45, 0, 45], "pivot": [0, -32, 0], "rotation": [0, 0, 130], "uv": [0, 0]},
						{"origin": [-22.5, -288, -22.5], "size": [45, 0, 45], "pivot": [0, -32, 0], "rotation": [0, 0, 130], "uv": [0, 0]},
						{"origin": [-22.5, 224, -22.5], "size": [45, 0, 45], "pivot": [0, -32, 0], "rotation": [0, 0, 140], "uv": [0, 0]},
						{"origin": [-22.5, -288, -22.5], "size": [45, 0, 45], "pivot": [0, -32, 0], "rotation": [0, 0, 140], "uv": [0, 0]},
						{"origin": [-22.5, 224, -22.5], "size": [45, 0, 45], "pivot": [0, -32, 0], "rotation": [0, 0, 150], "uv": [0, 0]},
						{"origin": [-22.5, -288, -22.5], "size": [45, 0, 45], "pivot": [0, -32, 0], "rotation": [0, 0, 150], "uv": [0, 0]},
						{"origin": [-22.5, 224, -22.5], "size": [45, 0, 45], "pivot": [0, -32, 0], "rotation": [0, 0, 160], "uv": [0, 0]},
						{"origin": [-22.5, -288, -22.5], "size": [45, 0, 45], "pivot": [0, -32, 0], "rotation": [0, 0, 160], "uv": [0, 0]},
						{"origin": [-22.5, 224, -22.5], "size": [45, 0, 45], "pivot": [0, -32, 0], "rotation": [0, 0, 170], "uv": [0, 0]},
						{"origin": [-22.5, -288, -22.5], "size": [45, 0, 45], "pivot": [0, -32, 0], "rotation": [0, 0, 170], "uv": [0, 0]},
						{"origin": [-22.5, 224, -22.5], "size": [45, 0, 45], "pivot": [0, -32, 0], "rotation": [0, 0, 90], "uv": [0, 0]},
						{"origin": [-22.5, -288, -22.5], "size": [45, 0, 45], "pivot": [0, -32, 0], "rotation": [0, 0, 90], "uv": [0, 0]}
					]
				},
				{
					"name": "4",
					"parent": "spawner_outer",
					"pivot": [0, -24, 0],
					"rotation": [0, -30, 0],
					"cubes": [
						{"origin": [-22.5, 224, -22.5], "size": [45, 0, 45], "uv": [0, 0]},
						{"origin": [-22.5, -288, -22.5], "size": [45, 0, 45], "uv": [0, 0]},
						{"origin": [-22.5, 224, -22.5], "size": [45, 0, 45], "pivot": [0, -32, 0], "rotation": [0, 0, 10], "uv": [0, 0]},
						{"origin": [-22.5, -288, -22.5], "size": [45, 0, 45], "pivot": [0, -32, 0], "rotation": [0, 0, 10], "uv": [0, 0]},
						{"origin": [-22.5, 224, -22.5], "size": [45, 0, 45], "pivot": [0, -32, 0], "rotation": [0, 0, 20], "uv": [0, 0]},
						{"origin": [-22.5, -288, -22.5], "size": [45, 0, 45], "pivot": [0, -32, 0], "rotation": [0, 0, 20], "uv": [0, 0]},
						{"origin": [-22.5, 224, -22.5], "size": [45, 0, 45], "pivot": [0, -32, 0], "rotation": [0, 0, 30], "uv": [0, 0]},
						{"origin": [-22.5, -288, -22.5], "size": [45, 0, 45], "pivot": [0, -32, 0], "rotation": [0, 0, 30], "uv": [0, 0]},
						{"origin": [-22.5, 224, -22.5], "size": [45, 0, 45], "pivot": [0, -32, 0], "rotation": [0, 0, 40], "uv": [0, 0]},
						{"origin": [-22.5, -288, -22.5], "size": [45, 0, 45], "pivot": [0, -32, 0], "rotation": [0, 0, 40], "uv": [0, 0]},
						{"origin": [-22.5, 224, -22.5], "size": [45, 0, 45], "pivot": [0, -32, 0], "rotation": [0, 0, 50], "uv": [0, 0]},
						{"origin": [-22.5, -288, -22.5], "size": [45, 0, 45], "pivot": [0, -32, 0], "rotation": [0, 0, 50], "uv": [0, 0]},
						{"origin": [-22.5, 224, -22.5], "size": [45, 0, 45], "pivot": [0, -32, 0], "rotation": [0, 0, 60], "uv": [0, 0]},
						{"origin": [-22.5, -288, -22.5], "size": [45, 0, 45], "pivot": [0, -32, 0], "rotation": [0, 0, 60], "uv": [0, 0]},
						{"origin": [-22.5, 224, -22.5], "size": [45, 0, 45], "pivot": [0, -32, 0], "rotation": [0, 0, 70], "uv": [0, 0]},
						{"origin": [-22.5, -288, -22.5], "size": [45, 0, 45], "pivot": [0, -32, 0], "rotation": [0, 0, 70], "uv": [0, 0]},
						{"origin": [-22.5, 224, -22.5], "size": [45, 0, 45], "pivot": [0, -32, 0], "rotation": [0, 0, 80], "uv": [0, 0]},
						{"origin": [-22.5, -288, -22.5], "size": [45, 0, 45], "pivot": [0, -32, 0], "rotation": [0, 0, 80], "uv": [0, 0]},
						{"origin": [-22.5, 224, -22.5], "size": [45, 0, 45], "pivot": [0, -32, 0], "rotation": [0, 0, 90], "uv": [0, 0]},
						{"origin": [-22.5, -288, -22.5], "size": [45, 0, 45], "pivot": [0, -32, 0], "rotation": [0, 0, 90], "uv": [0, 0]},
						{"origin": [-22.5, 224, -22.5], "size": [45, 0, 45], "pivot": [0, -32, 0], "rotation": [0, 0, 100], "uv": [0, 0]},
						{"origin": [-22.5, -288, -22.5], "size": [45, 0, 45], "pivot": [0, -32, 0], "rotation": [0, 0, 100], "uv": [0, 0]},
						{"origin": [-22.5, 224, -22.5], "size": [45, 0, 45], "pivot": [0, -32, 0], "rotation": [0, 0, 110], "uv": [0, 0]},
						{"origin": [-22.5, -288, -22.5], "size": [45, 0, 45], "pivot": [0, -32, 0], "rotation": [0, 0, 110], "uv": [0, 0]},
						{"origin": [-22.5, 224, -22.5], "size": [45, 0, 45], "pivot": [0, -32, 0], "rotation": [0, 0, 120], "uv": [0, 0]},
						{"origin": [-22.5, -288, -22.5], "size": [45, 0, 45], "pivot": [0, -32, 0], "rotation": [0, 0, 120], "uv": [0, 0]},
						{"origin": [-22.5, 224, -22.5], "size": [45, 0, 45], "pivot": [0, -32, 0], "rotation": [0, 0, 130], "uv": [0, 0]},
						{"origin": [-22.5, -288, -22.5], "size": [45, 0, 45], "pivot": [0, -32, 0], "rotation": [0, 0, 130], "uv": [0, 0]},
						{"origin": [-22.5, 224, -22.5], "size": [45, 0, 45], "pivot": [0, -32, 0], "rotation": [0, 0, 140], "uv": [0, 0]},
						{"origin": [-22.5, -288, -22.5], "size": [45, 0, 45], "pivot": [0, -32, 0], "rotation": [0, 0, 140], "uv": [0, 0]},
						{"origin": [-22.5, 224, -22.5], "size": [45, 0, 45], "pivot": [0, -32, 0], "rotation": [0, 0, 150], "uv": [0, 0]},
						{"origin": [-22.5, -288, -22.5], "size": [45, 0, 45], "pivot": [0, -32, 0], "rotation": [0, 0, 150], "uv": [0, 0]},
						{"origin": [-22.5, 224, -22.5], "size": [45, 0, 45], "pivot": [0, -32, 0], "rotation": [0, 0, 160], "uv": [0, 0]},
						{"origin": [-22.5, -288, -22.5], "size": [45, 0, 45], "pivot": [0, -32, 0], "rotation": [0, 0, 160], "uv": [0, 0]},
						{"origin": [-22.5, 224, -22.5], "size": [45, 0, 45], "pivot": [0, -32, 0], "rotation": [0, 0, 170], "uv": [0, 0]},
						{"origin": [-22.5, -288, -22.5], "size": [45, 0, 45], "pivot": [0, -32, 0], "rotation": [0, 0, 170], "uv": [0, 0]},
						{"origin": [-22.5, 224, -22.5], "size": [45, 0, 45], "pivot": [0, -32, 0], "rotation": [0, 0, 90], "uv": [0, 0]},
						{"origin": [-22.5, -288, -22.5], "size": [45, 0, 45], "pivot": [0, -32, 0], "rotation": [0, 0, 90], "uv": [0, 0]}
					]
				},
				{
					"name": "5",
					"parent": "spawner_outer",
					"pivot": [0, -24, 0],
					"rotation": [0, -40, 0],
					"cubes": [
						{"origin": [-22.5, 224, -22.5], "size": [45, 0, 45], "uv": [0, 0]},
						{"origin": [-22.5, -288, -22.5], "size": [45, 0, 45], "uv": [0, 0]},
						{"origin": [-22.5, 224, -22.5], "size": [45, 0, 45], "pivot": [0, -32, 0], "rotation": [0, 0, 10], "uv": [0, 0]},
						{"origin": [-22.5, -288, -22.5], "size": [45, 0, 45], "pivot": [0, -32, 0], "rotation": [0, 0, 10], "uv": [0, 0]},
						{"origin": [-22.5, 224, -22.5], "size": [45, 0, 45], "pivot": [0, -32, 0], "rotation": [0, 0, 20], "uv": [0, 0]},
						{"origin": [-22.5, -288, -22.5], "size": [45, 0, 45], "pivot": [0, -32, 0], "rotation": [0, 0, 20], "uv": [0, 0]},
						{"origin": [-22.5, 224, -22.5], "size": [45, 0, 45], "pivot": [0, -32, 0], "rotation": [0, 0, 30], "uv": [0, 0]},
						{"origin": [-22.5, -288, -22.5], "size": [45, 0, 45], "pivot": [0, -32, 0], "rotation": [0, 0, 30], "uv": [0, 0]},
						{"origin": [-22.5, 224, -22.5], "size": [45, 0, 45], "pivot": [0, -32, 0], "rotation": [0, 0, 40], "uv": [0, 0]},
						{"origin": [-22.5, -288, -22.5], "size": [45, 0, 45], "pivot": [0, -32, 0], "rotation": [0, 0, 40], "uv": [0, 0]},
						{"origin": [-22.5, 224, -22.5], "size": [45, 0, 45], "pivot": [0, -32, 0], "rotation": [0, 0, 50], "uv": [0, 0]},
						{"origin": [-22.5, -288, -22.5], "size": [45, 0, 45], "pivot": [0, -32, 0], "rotation": [0, 0, 50], "uv": [0, 0]},
						{"origin": [-22.5, 224, -22.5], "size": [45, 0, 45], "pivot": [0, -32, 0], "rotation": [0, 0, 60], "uv": [0, 0]},
						{"origin": [-22.5, -288, -22.5], "size": [45, 0, 45], "pivot": [0, -32, 0], "rotation": [0, 0, 60], "uv": [0, 0]},
						{"origin": [-22.5, 224, -22.5], "size": [45, 0, 45], "pivot": [0, -32, 0], "rotation": [0, 0, 70], "uv": [0, 0]},
						{"origin": [-22.5, -288, -22.5], "size": [45, 0, 45], "pivot": [0, -32, 0], "rotation": [0, 0, 70], "uv": [0, 0]},
						{"origin": [-22.5, 224, -22.5], "size": [45, 0, 45], "pivot": [0, -32, 0], "rotation": [0, 0, 80], "uv": [0, 0]},
						{"origin": [-22.5, -288, -22.5], "size": [45, 0, 45], "pivot": [0, -32, 0], "rotation": [0, 0, 80], "uv": [0, 0]},
						{"origin": [-22.5, 224, -22.5], "size": [45, 0, 45], "pivot": [0, -32, 0], "rotation": [0, 0, 90], "uv": [0, 0]},
						{"origin": [-22.5, -288, -22.5], "size": [45, 0, 45], "pivot": [0, -32, 0], "rotation": [0, 0, 90], "uv": [0, 0]},
						{"origin": [-22.5, 224, -22.5], "size": [45, 0, 45], "pivot": [0, -32, 0], "rotation": [0, 0, 100], "uv": [0, 0]},
						{"origin": [-22.5, -288, -22.5], "size": [45, 0, 45], "pivot": [0, -32, 0], "rotation": [0, 0, 100], "uv": [0, 0]},
						{"origin": [-22.5, 224, -22.5], "size": [45, 0, 45], "pivot": [0, -32, 0], "rotation": [0, 0, 110], "uv": [0, 0]},
						{"origin": [-22.5, -288, -22.5], "size": [45, 0, 45], "pivot": [0, -32, 0], "rotation": [0, 0, 110], "uv": [0, 0]},
						{"origin": [-22.5, 224, -22.5], "size": [45, 0, 45], "pivot": [0, -32, 0], "rotation": [0, 0, 120], "uv": [0, 0]},
						{"origin": [-22.5, -288, -22.5], "size": [45, 0, 45], "pivot": [0, -32, 0], "rotation": [0, 0, 120], "uv": [0, 0]},
						{"origin": [-22.5, 224, -22.5], "size": [45, 0, 45], "pivot": [0, -32, 0], "rotation": [0, 0, 130], "uv": [0, 0]},
						{"origin": [-22.5, -288, -22.5], "size": [45, 0, 45], "pivot": [0, -32, 0], "rotation": [0, 0, 130], "uv": [0, 0]},
						{"origin": [-22.5, 224, -22.5], "size": [45, 0, 45], "pivot": [0, -32, 0], "rotation": [0, 0, 140], "uv": [0, 0]},
						{"origin": [-22.5, -288, -22.5], "size": [45, 0, 45], "pivot": [0, -32, 0], "rotation": [0, 0, 140], "uv": [0, 0]},
						{"origin": [-22.5, 224, -22.5], "size": [45, 0, 45], "pivot": [0, -32, 0], "rotation": [0, 0, 150], "uv": [0, 0]},
						{"origin": [-22.5, -288, -22.5], "size": [45, 0, 45], "pivot": [0, -32, 0], "rotation": [0, 0, 150], "uv": [0, 0]},
						{"origin": [-22.5, 224, -22.5], "size": [45, 0, 45], "pivot": [0, -32, 0], "rotation": [0, 0, 160], "uv": [0, 0]},
						{"origin": [-22.5, -288, -22.5], "size": [45, 0, 45], "pivot": [0, -32, 0], "rotation": [0, 0, 160], "uv": [0, 0]},
						{"origin": [-22.5, 224, -22.5], "size": [45, 0, 45], "pivot": [0, -32, 0], "rotation": [0, 0, 170], "uv": [0, 0]},
						{"origin": [-22.5, -288, -22.5], "size": [45, 0, 45], "pivot": [0, -32, 0], "rotation": [0, 0, 170], "uv": [0, 0]},
						{"origin": [-22.5, 224, -22.5], "size": [45, 0, 45], "pivot": [0, -32, 0], "rotation": [0, 0, 90], "uv": [0, 0]},
						{"origin": [-22.5, -288, -22.5], "size": [45, 0, 45], "pivot": [0, -32, 0], "rotation": [0, 0, 90], "uv": [0, 0]}
					]
				},
				{
					"name": "6",
					"parent": "spawner_outer",
					"pivot": [0, -24, 0],
					"rotation": [0, -50, 0],
					"cubes": [
						{"origin": [-22.5, 224, -22.5], "size": [45, 0, 45], "uv": [0, 0]},
						{"origin": [-22.5, -288, -22.5], "size": [45, 0, 45], "uv": [0, 0]},
						{"origin": [-22.5, 224, -22.5], "size": [45, 0, 45], "pivot": [0, -32, 0], "rotation": [0, 0, 10], "uv": [0, 0]},
						{"origin": [-22.5, -288, -22.5], "size": [45, 0, 45], "pivot": [0, -32, 0], "rotation": [0, 0, 10], "uv": [0, 0]},
						{"origin": [-22.5, 224, -22.5], "size": [45, 0, 45], "pivot": [0, -32, 0], "rotation": [0, 0, 20], "uv": [0, 0]},
						{"origin": [-22.5, -288, -22.5], "size": [45, 0, 45], "pivot": [0, -32, 0], "rotation": [0, 0, 20], "uv": [0, 0]},
						{"origin": [-22.5, 224, -22.5], "size": [45, 0, 45], "pivot": [0, -32, 0], "rotation": [0, 0, 30], "uv": [0, 0]},
						{"origin": [-22.5, -288, -22.5], "size": [45, 0, 45], "pivot": [0, -32, 0], "rotation": [0, 0, 30], "uv": [0, 0]},
						{"origin": [-22.5, 224, -22.5], "size": [45, 0, 45], "pivot": [0, -32, 0], "rotation": [0, 0, 40], "uv": [0, 0]},
						{"origin": [-22.5, -288, -22.5], "size": [45, 0, 45], "pivot": [0, -32, 0], "rotation": [0, 0, 40], "uv": [0, 0]},
						{"origin": [-22.5, 224, -22.5], "size": [45, 0, 45], "pivot": [0, -32, 0], "rotation": [0, 0, 50], "uv": [0, 0]},
						{"origin": [-22.5, -288, -22.5], "size": [45, 0, 45], "pivot": [0, -32, 0], "rotation": [0, 0, 50], "uv": [0, 0]},
						{"origin": [-22.5, 224, -22.5], "size": [45, 0, 45], "pivot": [0, -32, 0], "rotation": [0, 0, 60], "uv": [0, 0]},
						{"origin": [-22.5, -288, -22.5], "size": [45, 0, 45], "pivot": [0, -32, 0], "rotation": [0, 0, 60], "uv": [0, 0]},
						{"origin": [-22.5, 224, -22.5], "size": [45, 0, 45], "pivot": [0, -32, 0], "rotation": [0, 0, 70], "uv": [0, 0]},
						{"origin": [-22.5, -288, -22.5], "size": [45, 0, 45], "pivot": [0, -32, 0], "rotation": [0, 0, 70], "uv": [0, 0]},
						{"origin": [-22.5, 224, -22.5], "size": [45, 0, 45], "pivot": [0, -32, 0], "rotation": [0, 0, 80], "uv": [0, 0]},
						{"origin": [-22.5, -288, -22.5], "size": [45, 0, 45], "pivot": [0, -32, 0], "rotation": [0, 0, 80], "uv": [0, 0]},
						{"origin": [-22.5, 224, -22.5], "size": [45, 0, 45], "pivot": [0, -32, 0], "rotation": [0, 0, 90], "uv": [0, 0]},
						{"origin": [-22.5, -288, -22.5], "size": [45, 0, 45], "pivot": [0, -32, 0], "rotation": [0, 0, 90], "uv": [0, 0]},
						{"origin": [-22.5, 224, -22.5], "size": [45, 0, 45], "pivot": [0, -32, 0], "rotation": [0, 0, 100], "uv": [0, 0]},
						{"origin": [-22.5, -288, -22.5], "size": [45, 0, 45], "pivot": [0, -32, 0], "rotation": [0, 0, 100], "uv": [0, 0]},
						{"origin": [-22.5, 224, -22.5], "size": [45, 0, 45], "pivot": [0, -32, 0], "rotation": [0, 0, 110], "uv": [0, 0]},
						{"origin": [-22.5, -288, -22.5], "size": [45, 0, 45], "pivot": [0, -32, 0], "rotation": [0, 0, 110], "uv": [0, 0]},
						{"origin": [-22.5, 224, -22.5], "size": [45, 0, 45], "pivot": [0, -32, 0], "rotation": [0, 0, 120], "uv": [0, 0]},
						{"origin": [-22.5, -288, -22.5], "size": [45, 0, 45], "pivot": [0, -32, 0], "rotation": [0, 0, 120], "uv": [0, 0]},
						{"origin": [-22.5, 224, -22.5], "size": [45, 0, 45], "pivot": [0, -32, 0], "rotation": [0, 0, 130], "uv": [0, 0]},
						{"origin": [-22.5, -288, -22.5], "size": [45, 0, 45], "pivot": [0, -32, 0], "rotation": [0, 0, 130], "uv": [0, 0]},
						{"origin": [-22.5, 224, -22.5], "size": [45, 0, 45], "pivot": [0, -32, 0], "rotation": [0, 0, 140], "uv": [0, 0]},
						{"origin": [-22.5, -288, -22.5], "size": [45, 0, 45], "pivot": [0, -32, 0], "rotation": [0, 0, 140], "uv": [0, 0]},
						{"origin": [-22.5, 224, -22.5], "size": [45, 0, 45], "pivot": [0, -32, 0], "rotation": [0, 0, 150], "uv": [0, 0]},
						{"origin": [-22.5, -288, -22.5], "size": [45, 0, 45], "pivot": [0, -32, 0], "rotation": [0, 0, 150], "uv": [0, 0]},
						{"origin": [-22.5, 224, -22.5], "size": [45, 0, 45], "pivot": [0, -32, 0], "rotation": [0, 0, 160], "uv": [0, 0]},
						{"origin": [-22.5, -288, -22.5], "size": [45, 0, 45], "pivot": [0, -32, 0], "rotation": [0, 0, 160], "uv": [0, 0]},
						{"origin": [-22.5, 224, -22.5], "size": [45, 0, 45], "pivot": [0, -32, 0], "rotation": [0, 0, 170], "uv": [0, 0]},
						{"origin": [-22.5, -288, -22.5], "size": [45, 0, 45], "pivot": [0, -32, 0], "rotation": [0, 0, 170], "uv": [0, 0]},
						{"origin": [-22.5, 224, -22.5], "size": [45, 0, 45], "pivot": [0, -32, 0], "rotation": [0, 0, 90], "uv": [0, 0]},
						{"origin": [-22.5, -288, -22.5], "size": [45, 0, 45], "pivot": [0, -32, 0], "rotation": [0, 0, 90], "uv": [0, 0]}
					]
				},
				{
					"name": "7",
					"parent": "spawner_outer",
					"pivot": [0, -24, 0],
					"rotation": [0, -60, 0],
					"cubes": [
						{"origin": [-22.5, 224, -22.5], "size": [45, 0, 45], "uv": [0, 0]},
						{"origin": [-22.5, -288, -22.5], "size": [45, 0, 45], "uv": [0, 0]},
						{"origin": [-22.5, 224, -22.5], "size": [45, 0, 45], "pivot": [0, -32, 0], "rotation": [0, 0, 10], "uv": [0, 0]},
						{"origin": [-22.5, -288, -22.5], "size": [45, 0, 45], "pivot": [0, -32, 0], "rotation": [0, 0, 10], "uv": [0, 0]},
						{"origin": [-22.5, 224, -22.5], "size": [45, 0, 45], "pivot": [0, -32, 0], "rotation": [0, 0, 20], "uv": [0, 0]},
						{"origin": [-22.5, -288, -22.5], "size": [45, 0, 45], "pivot": [0, -32, 0], "rotation": [0, 0, 20], "uv": [0, 0]},
						{"origin": [-22.5, 224, -22.5], "size": [45, 0, 45], "pivot": [0, -32, 0], "rotation": [0, 0, 30], "uv": [0, 0]},
						{"origin": [-22.5, -288, -22.5], "size": [45, 0, 45], "pivot": [0, -32, 0], "rotation": [0, 0, 30], "uv": [0, 0]},
						{"origin": [-22.5, 224, -22.5], "size": [45, 0, 45], "pivot": [0, -32, 0], "rotation": [0, 0, 40], "uv": [0, 0]},
						{"origin": [-22.5, -288, -22.5], "size": [45, 0, 45], "pivot": [0, -32, 0], "rotation": [0, 0, 40], "uv": [0, 0]},
						{"origin": [-22.5, 224, -22.5], "size": [45, 0, 45], "pivot": [0, -32, 0], "rotation": [0, 0, 50], "uv": [0, 0]},
						{"origin": [-22.5, -288, -22.5], "size": [45, 0, 45], "pivot": [0, -32, 0], "rotation": [0, 0, 50], "uv": [0, 0]},
						{"origin": [-22.5, 224, -22.5], "size": [45, 0, 45], "pivot": [0, -32, 0], "rotation": [0, 0, 60], "uv": [0, 0]},
						{"origin": [-22.5, -288, -22.5], "size": [45, 0, 45], "pivot": [0, -32, 0], "rotation": [0, 0, 60], "uv": [0, 0]},
						{"origin": [-22.5, 224, -22.5], "size": [45, 0, 45], "pivot": [0, -32, 0], "rotation": [0, 0, 70], "uv": [0, 0]},
						{"origin": [-22.5, -288, -22.5], "size": [45, 0, 45], "pivot": [0, -32, 0], "rotation": [0, 0, 70], "uv": [0, 0]},
						{"origin": [-22.5, 224, -22.5], "size": [45, 0, 45], "pivot": [0, -32, 0], "rotation": [0, 0, 80], "uv": [0, 0]},
						{"origin": [-22.5, -288, -22.5], "size": [45, 0, 45], "pivot": [0, -32, 0], "rotation": [0, 0, 80], "uv": [0, 0]},
						{"origin": [-22.5, 224, -22.5], "size": [45, 0, 45], "pivot": [0, -32, 0], "rotation": [0, 0, 90], "uv": [0, 0]},
						{"origin": [-22.5, -288, -22.5], "size": [45, 0, 45], "pivot": [0, -32, 0], "rotation": [0, 0, 90], "uv": [0, 0]},
						{"origin": [-22.5, 224, -22.5], "size": [45, 0, 45], "pivot": [0, -32, 0], "rotation": [0, 0, 100], "uv": [0, 0]},
						{"origin": [-22.5, -288, -22.5], "size": [45, 0, 45], "pivot": [0, -32, 0], "rotation": [0, 0, 100], "uv": [0, 0]},
						{"origin": [-22.5, 224, -22.5], "size": [45, 0, 45], "pivot": [0, -32, 0], "rotation": [0, 0, 110], "uv": [0, 0]},
						{"origin": [-22.5, -288, -22.5], "size": [45, 0, 45], "pivot": [0, -32, 0], "rotation": [0, 0, 110], "uv": [0, 0]},
						{"origin": [-22.5, 224, -22.5], "size": [45, 0, 45], "pivot": [0, -32, 0], "rotation": [0, 0, 120], "uv": [0, 0]},
						{"origin": [-22.5, -288, -22.5], "size": [45, 0, 45], "pivot": [0, -32, 0], "rotation": [0, 0, 120], "uv": [0, 0]},
						{"origin": [-22.5, 224, -22.5], "size": [45, 0, 45], "pivot": [0, -32, 0], "rotation": [0, 0, 130], "uv": [0, 0]},
						{"origin": [-22.5, -288, -22.5], "size": [45, 0, 45], "pivot": [0, -32, 0], "rotation": [0, 0, 130], "uv": [0, 0]},
						{"origin": [-22.5, 224, -22.5], "size": [45, 0, 45], "pivot": [0, -32, 0], "rotation": [0, 0, 140], "uv": [0, 0]},
						{"origin": [-22.5, -288, -22.5], "size": [45, 0, 45], "pivot": [0, -32, 0], "rotation": [0, 0, 140], "uv": [0, 0]},
						{"origin": [-22.5, 224, -22.5], "size": [45, 0, 45], "pivot": [0, -32, 0], "rotation": [0, 0, 150], "uv": [0, 0]},
						{"origin": [-22.5, -288, -22.5], "size": [45, 0, 45], "pivot": [0, -32, 0], "rotation": [0, 0, 150], "uv": [0, 0]},
						{"origin": [-22.5, 224, -22.5], "size": [45, 0, 45], "pivot": [0, -32, 0], "rotation": [0, 0, 160], "uv": [0, 0]},
						{"origin": [-22.5, -288, -22.5], "size": [45, 0, 45], "pivot": [0, -32, 0], "rotation": [0, 0, 160], "uv": [0, 0]},
						{"origin": [-22.5, 224, -22.5], "size": [45, 0, 45], "pivot": [0, -32, 0], "rotation": [0, 0, 170], "uv": [0, 0]},
						{"origin": [-22.5, -288, -22.5], "size": [45, 0, 45], "pivot": [0, -32, 0], "rotation": [0, 0, 170], "uv": [0, 0]},
						{"origin": [-22.5, 224, -22.5], "size": [45, 0, 45], "pivot": [0, -32, 0], "rotation": [0, 0, 90], "uv": [0, 0]},
						{"origin": [-22.5, -288, -22.5], "size": [45, 0, 45], "pivot": [0, -32, 0], "rotation": [0, 0, 90], "uv": [0, 0]}
					]
				},
				{
					"name": "8",
					"parent": "spawner_outer",
					"pivot": [0, -24, 0],
					"rotation": [0, -70, 0],
					"cubes": [
						{"origin": [-22.5, 224, -22.5], "size": [45, 0, 45], "uv": [0, 0]},
						{"origin": [-22.5, -288, -22.5], "size": [45, 0, 45], "uv": [0, 0]},
						{"origin": [-22.5, 224, -22.5], "size": [45, 0, 45], "pivot": [0, -32, 0], "rotation": [0, 0, 10], "uv": [0, 0]},
						{"origin": [-22.5, -288, -22.5], "size": [45, 0, 45], "pivot": [0, -32, 0], "rotation": [0, 0, 10], "uv": [0, 0]},
						{"origin": [-22.5, 224, -22.5], "size": [45, 0, 45], "pivot": [0, -32, 0], "rotation": [0, 0, 20], "uv": [0, 0]},
						{"origin": [-22.5, -288, -22.5], "size": [45, 0, 45], "pivot": [0, -32, 0], "rotation": [0, 0, 20], "uv": [0, 0]},
						{"origin": [-22.5, 224, -22.5], "size": [45, 0, 45], "pivot": [0, -32, 0], "rotation": [0, 0, 30], "uv": [0, 0]},
						{"origin": [-22.5, -288, -22.5], "size": [45, 0, 45], "pivot": [0, -32, 0], "rotation": [0, 0, 30], "uv": [0, 0]},
						{"origin": [-22.5, 224, -22.5], "size": [45, 0, 45], "pivot": [0, -32, 0], "rotation": [0, 0, 40], "uv": [0, 0]},
						{"origin": [-22.5, -288, -22.5], "size": [45, 0, 45], "pivot": [0, -32, 0], "rotation": [0, 0, 40], "uv": [0, 0]},
						{"origin": [-22.5, 224, -22.5], "size": [45, 0, 45], "pivot": [0, -32, 0], "rotation": [0, 0, 50], "uv": [0, 0]},
						{"origin": [-22.5, -288, -22.5], "size": [45, 0, 45], "pivot": [0, -32, 0], "rotation": [0, 0, 50], "uv": [0, 0]},
						{"origin": [-22.5, 224, -22.5], "size": [45, 0, 45], "pivot": [0, -32, 0], "rotation": [0, 0, 60], "uv": [0, 0]},
						{"origin": [-22.5, -288, -22.5], "size": [45, 0, 45], "pivot": [0, -32, 0], "rotation": [0, 0, 60], "uv": [0, 0]},
						{"origin": [-22.5, 224, -22.5], "size": [45, 0, 45], "pivot": [0, -32, 0], "rotation": [0, 0, 70], "uv": [0, 0]},
						{"origin": [-22.5, -288, -22.5], "size": [45, 0, 45], "pivot": [0, -32, 0], "rotation": [0, 0, 70], "uv": [0, 0]},
						{"origin": [-22.5, 224, -22.5], "size": [45, 0, 45], "pivot": [0, -32, 0], "rotation": [0, 0, 80], "uv": [0, 0]},
						{"origin": [-22.5, -288, -22.5], "size": [45, 0, 45], "pivot": [0, -32, 0], "rotation": [0, 0, 80], "uv": [0, 0]},
						{"origin": [-22.5, 224, -22.5], "size": [45, 0, 45], "pivot": [0, -32, 0], "rotation": [0, 0, 90], "uv": [0, 0]},
						{"origin": [-22.5, -288, -22.5], "size": [45, 0, 45], "pivot": [0, -32, 0], "rotation": [0, 0, 90], "uv": [0, 0]},
						{"origin": [-22.5, 224, -22.5], "size": [45, 0, 45], "pivot": [0, -32, 0], "rotation": [0, 0, 100], "uv": [0, 0]},
						{"origin": [-22.5, -288, -22.5], "size": [45, 0, 45], "pivot": [0, -32, 0], "rotation": [0, 0, 100], "uv": [0, 0]},
						{"origin": [-22.5, 224, -22.5], "size": [45, 0, 45], "pivot": [0, -32, 0], "rotation": [0, 0, 110], "uv": [0, 0]},
						{"origin": [-22.5, -288, -22.5], "size": [45, 0, 45], "pivot": [0, -32, 0], "rotation": [0, 0, 110], "uv": [0, 0]},
						{"origin": [-22.5, 224, -22.5], "size": [45, 0, 45], "pivot": [0, -32, 0], "rotation": [0, 0, 120], "uv": [0, 0]},
						{"origin": [-22.5, -288, -22.5], "size": [45, 0, 45], "pivot": [0, -32, 0], "rotation": [0, 0, 120], "uv": [0, 0]},
						{"origin": [-22.5, 224, -22.5], "size": [45, 0, 45], "pivot": [0, -32, 0], "rotation": [0, 0, 130], "uv": [0, 0]},
						{"origin": [-22.5, -288, -22.5], "size": [45, 0, 45], "pivot": [0, -32, 0], "rotation": [0, 0, 130], "uv": [0, 0]},
						{"origin": [-22.5, 224, -22.5], "size": [45, 0, 45], "pivot": [0, -32, 0], "rotation": [0, 0, 140], "uv": [0, 0]},
						{"origin": [-22.5, -288, -22.5], "size": [45, 0, 45], "pivot": [0, -32, 0], "rotation": [0, 0, 140], "uv": [0, 0]},
						{"origin": [-22.5, 224, -22.5], "size": [45, 0, 45], "pivot": [0, -32, 0], "rotation": [0, 0, 150], "uv": [0, 0]},
						{"origin": [-22.5, -288, -22.5], "size": [45, 0, 45], "pivot": [0, -32, 0], "rotation": [0, 0, 150], "uv": [0, 0]},
						{"origin": [-22.5, 224, -22.5], "size": [45, 0, 45], "pivot": [0, -32, 0], "rotation": [0, 0, 160], "uv": [0, 0]},
						{"origin": [-22.5, -288, -22.5], "size": [45, 0, 45], "pivot": [0, -32, 0], "rotation": [0, 0, 160], "uv": [0, 0]},
						{"origin": [-22.5, 224, -22.5], "size": [45, 0, 45], "pivot": [0, -32, 0], "rotation": [0, 0, 170], "uv": [0, 0]},
						{"origin": [-22.5, -288, -22.5], "size": [45, 0, 45], "pivot": [0, -32, 0], "rotation": [0, 0, 170], "uv": [0, 0]},
						{"origin": [-22.5, 224, -22.5], "size": [45, 0, 45], "pivot": [0, -32, 0], "rotation": [0, 0, 90], "uv": [0, 0]},
						{"origin": [-22.5, -288, -22.5], "size": [45, 0, 45], "pivot": [0, -32, 0], "rotation": [0, 0, 90], "uv": [0, 0]}
					]
				},
				{
					"name": "9",
					"parent": "spawner_outer",
					"pivot": [0, -24, 0],
					"rotation": [0, -80, 0],
					"cubes": [
						{"origin": [-22.5, 224, -22.5], "size": [45, 0, 45], "uv": [0, 0]},
						{"origin": [-22.5, -288, -22.5], "size": [45, 0, 45], "uv": [0, 0]},
						{"origin": [-22.5, 224, -22.5], "size": [45, 0, 45], "pivot": [0, -32, 0], "rotation": [0, 0, 10], "uv": [0, 0]},
						{"origin": [-22.5, -288, -22.5], "size": [45, 0, 45], "pivot": [0, -32, 0], "rotation": [0, 0, 10], "uv": [0, 0]},
						{"origin": [-22.5, 224, -22.5], "size": [45, 0, 45], "pivot": [0, -32, 0], "rotation": [0, 0, 20], "uv": [0, 0]},
						{"origin": [-22.5, -288, -22.5], "size": [45, 0, 45], "pivot": [0, -32, 0], "rotation": [0, 0, 20], "uv": [0, 0]},
						{"origin": [-22.5, 224, -22.5], "size": [45, 0, 45], "pivot": [0, -32, 0], "rotation": [0, 0, 30], "uv": [0, 0]},
						{"origin": [-22.5, -288, -22.5], "size": [45, 0, 45], "pivot": [0, -32, 0], "rotation": [0, 0, 30], "uv": [0, 0]},
						{"origin": [-22.5, 224, -22.5], "size": [45, 0, 45], "pivot": [0, -32, 0], "rotation": [0, 0, 40], "uv": [0, 0]},
						{"origin": [-22.5, -288, -22.5], "size": [45, 0, 45], "pivot": [0, -32, 0], "rotation": [0, 0, 40], "uv": [0, 0]},
						{"origin": [-22.5, 224, -22.5], "size": [45, 0, 45], "pivot": [0, -32, 0], "rotation": [0, 0, 50], "uv": [0, 0]},
						{"origin": [-22.5, -288, -22.5], "size": [45, 0, 45], "pivot": [0, -32, 0], "rotation": [0, 0, 50], "uv": [0, 0]},
						{"origin": [-22.5, 224, -22.5], "size": [45, 0, 45], "pivot": [0, -32, 0], "rotation": [0, 0, 60], "uv": [0, 0]},
						{"origin": [-22.5, -288, -22.5], "size": [45, 0, 45], "pivot": [0, -32, 0], "rotation": [0, 0, 60], "uv": [0, 0]},
						{"origin": [-22.5, 224, -22.5], "size": [45, 0, 45], "pivot": [0, -32, 0], "rotation": [0, 0, 70], "uv": [0, 0]},
						{"origin": [-22.5, -288, -22.5], "size": [45, 0, 45], "pivot": [0, -32, 0], "rotation": [0, 0, 70], "uv": [0, 0]},
						{"origin": [-22.5, 224, -22.5], "size": [45, 0, 45], "pivot": [0, -32, 0], "rotation": [0, 0, 80], "uv": [0, 0]},
						{"origin": [-22.5, -288, -22.5], "size": [45, 0, 45], "pivot": [0, -32, 0], "rotation": [0, 0, 80], "uv": [0, 0]},
						{"origin": [-22.5, 224, -22.5], "size": [45, 0, 45], "pivot": [0, -32, 0], "rotation": [0, 0, 90], "uv": [0, 0]},
						{"origin": [-22.5, -288, -22.5], "size": [45, 0, 45], "pivot": [0, -32, 0], "rotation": [0, 0, 90], "uv": [0, 0]},
						{"origin": [-22.5, 224, -22.5], "size": [45, 0, 45], "pivot": [0, -32, 0], "rotation": [0, 0, 100], "uv": [0, 0]},
						{"origin": [-22.5, -288, -22.5], "size": [45, 0, 45], "pivot": [0, -32, 0], "rotation": [0, 0, 100], "uv": [0, 0]},
						{"origin": [-22.5, 224, -22.5], "size": [45, 0, 45], "pivot": [0, -32, 0], "rotation": [0, 0, 110], "uv": [0, 0]},
						{"origin": [-22.5, -288, -22.5], "size": [45, 0, 45], "pivot": [0, -32, 0], "rotation": [0, 0, 110], "uv": [0, 0]},
						{"origin": [-22.5, 224, -22.5], "size": [45, 0, 45], "pivot": [0, -32, 0], "rotation": [0, 0, 120], "uv": [0, 0]},
						{"origin": [-22.5, -288, -22.5], "size": [45, 0, 45], "pivot": [0, -32, 0], "rotation": [0, 0, 120], "uv": [0, 0]},
						{"origin": [-22.5, 224, -22.5], "size": [45, 0, 45], "pivot": [0, -32, 0], "rotation": [0, 0, 130], "uv": [0, 0]},
						{"origin": [-22.5, -288, -22.5], "size": [45, 0, 45], "pivot": [0, -32, 0], "rotation": [0, 0, 130], "uv": [0, 0]},
						{"origin": [-22.5, 224, -22.5], "size": [45, 0, 45], "pivot": [0, -32, 0], "rotation": [0, 0, 140], "uv": [0, 0]},
						{"origin": [-22.5, -288, -22.5], "size": [45, 0, 45], "pivot": [0, -32, 0], "rotation": [0, 0, 140], "uv": [0, 0]},
						{"origin": [-22.5, 224, -22.5], "size": [45, 0, 45], "pivot": [0, -32, 0], "rotation": [0, 0, 150], "uv": [0, 0]},
						{"origin": [-22.5, -288, -22.5], "size": [45, 0, 45], "pivot": [0, -32, 0], "rotation": [0, 0, 150], "uv": [0, 0]},
						{"origin": [-22.5, 224, -22.5], "size": [45, 0, 45], "pivot": [0, -32, 0], "rotation": [0, 0, 160], "uv": [0, 0]},
						{"origin": [-22.5, -288, -22.5], "size": [45, 0, 45], "pivot": [0, -32, 0], "rotation": [0, 0, 160], "uv": [0, 0]},
						{"origin": [-22.5, 224, -22.5], "size": [45, 0, 45], "pivot": [0, -32, 0], "rotation": [0, 0, 170], "uv": [0, 0]},
						{"origin": [-22.5, -288, -22.5], "size": [45, 0, 45], "pivot": [0, -32, 0], "rotation": [0, 0, 170], "uv": [0, 0]},
						{"origin": [-22.5, 224, -22.5], "size": [45, 0, 45], "pivot": [0, -32, 0], "rotation": [0, 0, 90], "uv": [0, 0]},
						{"origin": [-22.5, -288, -22.5], "size": [45, 0, 45], "pivot": [0, -32, 0], "rotation": [0, 0, 90], "uv": [0, 0]}
					]
				},
				{
					"name": "10",
					"parent": "spawner_outer",
					"pivot": [0, -24, 0],
					"rotation": [0, -90, 0],
					"cubes": [
						{"origin": [-22.5, 224, -22.5], "size": [45, 0, 45], "uv": [0, 0]},
						{"origin": [-22.5, -288, -22.5], "size": [45, 0, 45], "uv": [0, 0]},
						{"origin": [-22.5, 224, -22.5], "size": [45, 0, 45], "pivot": [0, -32, 0], "rotation": [0, 0, 10], "uv": [0, 0]},
						{"origin": [-22.5, -288, -22.5], "size": [45, 0, 45], "pivot": [0, -32, 0], "rotation": [0, 0, 10], "uv": [0, 0]},
						{"origin": [-22.5, 224, -22.5], "size": [45, 0, 45], "pivot": [0, -32, 0], "rotation": [0, 0, 20], "uv": [0, 0]},
						{"origin": [-22.5, -288, -22.5], "size": [45, 0, 45], "pivot": [0, -32, 0], "rotation": [0, 0, 20], "uv": [0, 0]},
						{"origin": [-22.5, 224, -22.5], "size": [45, 0, 45], "pivot": [0, -32, 0], "rotation": [0, 0, 30], "uv": [0, 0]},
						{"origin": [-22.5, -288, -22.5], "size": [45, 0, 45], "pivot": [0, -32, 0], "rotation": [0, 0, 30], "uv": [0, 0]},
						{"origin": [-22.5, 224, -22.5], "size": [45, 0, 45], "pivot": [0, -32, 0], "rotation": [0, 0, 40], "uv": [0, 0]},
						{"origin": [-22.5, -288, -22.5], "size": [45, 0, 45], "pivot": [0, -32, 0], "rotation": [0, 0, 40], "uv": [0, 0]},
						{"origin": [-22.5, 224, -22.5], "size": [45, 0, 45], "pivot": [0, -32, 0], "rotation": [0, 0, 50], "uv": [0, 0]},
						{"origin": [-22.5, -288, -22.5], "size": [45, 0, 45], "pivot": [0, -32, 0], "rotation": [0, 0, 50], "uv": [0, 0]},
						{"origin": [-22.5, 224, -22.5], "size": [45, 0, 45], "pivot": [0, -32, 0], "rotation": [0, 0, 60], "uv": [0, 0]},
						{"origin": [-22.5, -288, -22.5], "size": [45, 0, 45], "pivot": [0, -32, 0], "rotation": [0, 0, 60], "uv": [0, 0]},
						{"origin": [-22.5, 224, -22.5], "size": [45, 0, 45], "pivot": [0, -32, 0], "rotation": [0, 0, 70], "uv": [0, 0]},
						{"origin": [-22.5, -288, -22.5], "size": [45, 0, 45], "pivot": [0, -32, 0], "rotation": [0, 0, 70], "uv": [0, 0]},
						{"origin": [-22.5, 224, -22.5], "size": [45, 0, 45], "pivot": [0, -32, 0], "rotation": [0, 0, 80], "uv": [0, 0]},
						{"origin": [-22.5, -288, -22.5], "size": [45, 0, 45], "pivot": [0, -32, 0], "rotation": [0, 0, 80], "uv": [0, 0]},
						{"origin": [-22.5, 224, -22.5], "size": [45, 0, 45], "pivot": [0, -32, 0], "rotation": [0, 0, 90], "uv": [0, 0]},
						{"origin": [-22.5, -288, -22.5], "size": [45, 0, 45], "pivot": [0, -32, 0], "rotation": [0, 0, 90], "uv": [0, 0]},
						{"origin": [-22.5, 224, -22.5], "size": [45, 0, 45], "pivot": [0, -32, 0], "rotation": [0, 0, 100], "uv": [0, 0]},
						{"origin": [-22.5, -288, -22.5], "size": [45, 0, 45], "pivot": [0, -32, 0], "rotation": [0, 0, 100], "uv": [0, 0]},
						{"origin": [-22.5, 224, -22.5], "size": [45, 0, 45], "pivot": [0, -32, 0], "rotation": [0, 0, 110], "uv": [0, 0]},
						{"origin": [-22.5, -288, -22.5], "size": [45, 0, 45], "pivot": [0, -32, 0], "rotation": [0, 0, 110], "uv": [0, 0]},
						{"origin": [-22.5, 224, -22.5], "size": [45, 0, 45], "pivot": [0, -32, 0], "rotation": [0, 0, 120], "uv": [0, 0]},
						{"origin": [-22.5, -288, -22.5], "size": [45, 0, 45], "pivot": [0, -32, 0], "rotation": [0, 0, 120], "uv": [0, 0]},
						{"origin": [-22.5, 224, -22.5], "size": [45, 0, 45], "pivot": [0, -32, 0], "rotation": [0, 0, 130], "uv": [0, 0]},
						{"origin": [-22.5, -288, -22.5], "size": [45, 0, 45], "pivot": [0, -32, 0], "rotation": [0, 0, 130], "uv": [0, 0]},
						{"origin": [-22.5, 224, -22.5], "size": [45, 0, 45], "pivot": [0, -32, 0], "rotation": [0, 0, 140], "uv": [0, 0]},
						{"origin": [-22.5, -288, -22.5], "size": [45, 0, 45], "pivot": [0, -32, 0], "rotation": [0, 0, 140], "uv": [0, 0]},
						{"origin": [-22.5, 224, -22.5], "size": [45, 0, 45], "pivot": [0, -32, 0], "rotation": [0, 0, 150], "uv": [0, 0]},
						{"origin": [-22.5, -288, -22.5], "size": [45, 0, 45], "pivot": [0, -32, 0], "rotation": [0, 0, 150], "uv": [0, 0]},
						{"origin": [-22.5, 224, -22.5], "size": [45, 0, 45], "pivot": [0, -32, 0], "rotation": [0, 0, 160], "uv": [0, 0]},
						{"origin": [-22.5, -288, -22.5], "size": [45, 0, 45], "pivot": [0, -32, 0], "rotation": [0, 0, 160], "uv": [0, 0]},
						{"origin": [-22.5, 224, -22.5], "size": [45, 0, 45], "pivot": [0, -32, 0], "rotation": [0, 0, 170], "uv": [0, 0]},
						{"origin": [-22.5, -288, -22.5], "size": [45, 0, 45], "pivot": [0, -32, 0], "rotation": [0, 0, 170], "uv": [0, 0]},
						{"origin": [-22.5, 224, -22.5], "size": [45, 0, 45], "pivot": [0, -32, 0], "rotation": [0, 0, 90], "uv": [0, 0]},
						{"origin": [-22.5, -288, -22.5], "size": [45, 0, 45], "pivot": [0, -32, 0], "rotation": [0, 0, 90], "uv": [0, 0]}
					]
				},
				{
					"name": "11",
					"parent": "spawner_outer",
					"pivot": [0, -24, 0],
					"rotation": [0, -100, 0],
					"cubes": [
						{"origin": [-22.5, 224, -22.5], "size": [45, 0, 45], "uv": [0, 0]},
						{"origin": [-22.5, -288, -22.5], "size": [45, 0, 45], "uv": [0, 0]},
						{"origin": [-22.5, 224, -22.5], "size": [45, 0, 45], "pivot": [0, -32, 0], "rotation": [0, 0, 10], "uv": [0, 0]},
						{"origin": [-22.5, -288, -22.5], "size": [45, 0, 45], "pivot": [0, -32, 0], "rotation": [0, 0, 10], "uv": [0, 0]},
						{"origin": [-22.5, 224, -22.5], "size": [45, 0, 45], "pivot": [0, -32, 0], "rotation": [0, 0, 20], "uv": [0, 0]},
						{"origin": [-22.5, -288, -22.5], "size": [45, 0, 45], "pivot": [0, -32, 0], "rotation": [0, 0, 20], "uv": [0, 0]},
						{"origin": [-22.5, 224, -22.5], "size": [45, 0, 45], "pivot": [0, -32, 0], "rotation": [0, 0, 30], "uv": [0, 0]},
						{"origin": [-22.5, -288, -22.5], "size": [45, 0, 45], "pivot": [0, -32, 0], "rotation": [0, 0, 30], "uv": [0, 0]},
						{"origin": [-22.5, 224, -22.5], "size": [45, 0, 45], "pivot": [0, -32, 0], "rotation": [0, 0, 40], "uv": [0, 0]},
						{"origin": [-22.5, -288, -22.5], "size": [45, 0, 45], "pivot": [0, -32, 0], "rotation": [0, 0, 40], "uv": [0, 0]},
						{"origin": [-22.5, 224, -22.5], "size": [45, 0, 45], "pivot": [0, -32, 0], "rotation": [0, 0, 50], "uv": [0, 0]},
						{"origin": [-22.5, -288, -22.5], "size": [45, 0, 45], "pivot": [0, -32, 0], "rotation": [0, 0, 50], "uv": [0, 0]},
						{"origin": [-22.5, 224, -22.5], "size": [45, 0, 45], "pivot": [0, -32, 0], "rotation": [0, 0, 60], "uv": [0, 0]},
						{"origin": [-22.5, -288, -22.5], "size": [45, 0, 45], "pivot": [0, -32, 0], "rotation": [0, 0, 60], "uv": [0, 0]},
						{"origin": [-22.5, 224, -22.5], "size": [45, 0, 45], "pivot": [0, -32, 0], "rotation": [0, 0, 70], "uv": [0, 0]},
						{"origin": [-22.5, -288, -22.5], "size": [45, 0, 45], "pivot": [0, -32, 0], "rotation": [0, 0, 70], "uv": [0, 0]},
						{"origin": [-22.5, 224, -22.5], "size": [45, 0, 45], "pivot": [0, -32, 0], "rotation": [0, 0, 80], "uv": [0, 0]},
						{"origin": [-22.5, -288, -22.5], "size": [45, 0, 45], "pivot": [0, -32, 0], "rotation": [0, 0, 80], "uv": [0, 0]},
						{"origin": [-22.5, 224, -22.5], "size": [45, 0, 45], "pivot": [0, -32, 0], "rotation": [0, 0, 90], "uv": [0, 0]},
						{"origin": [-22.5, -288, -22.5], "size": [45, 0, 45], "pivot": [0, -32, 0], "rotation": [0, 0, 90], "uv": [0, 0]},
						{"origin": [-22.5, 224, -22.5], "size": [45, 0, 45], "pivot": [0, -32, 0], "rotation": [0, 0, 100], "uv": [0, 0]},
						{"origin": [-22.5, -288, -22.5], "size": [45, 0, 45], "pivot": [0, -32, 0], "rotation": [0, 0, 100], "uv": [0, 0]},
						{"origin": [-22.5, 224, -22.5], "size": [45, 0, 45], "pivot": [0, -32, 0], "rotation": [0, 0, 110], "uv": [0, 0]},
						{"origin": [-22.5, -288, -22.5], "size": [45, 0, 45], "pivot": [0, -32, 0], "rotation": [0, 0, 110], "uv": [0, 0]},
						{"origin": [-22.5, 224, -22.5], "size": [45, 0, 45], "pivot": [0, -32, 0], "rotation": [0, 0, 120], "uv": [0, 0]},
						{"origin": [-22.5, -288, -22.5], "size": [45, 0, 45], "pivot": [0, -32, 0], "rotation": [0, 0, 120], "uv": [0, 0]},
						{"origin": [-22.5, 224, -22.5], "size": [45, 0, 45], "pivot": [0, -32, 0], "rotation": [0, 0, 130], "uv": [0, 0]},
						{"origin": [-22.5, -288, -22.5], "size": [45, 0, 45], "pivot": [0, -32, 0], "rotation": [0, 0, 130], "uv": [0, 0]},
						{"origin": [-22.5, 224, -22.5], "size": [45, 0, 45], "pivot": [0, -32, 0], "rotation": [0, 0, 140], "uv": [0, 0]},
						{"origin": [-22.5, -288, -22.5], "size": [45, 0, 45], "pivot": [0, -32, 0], "rotation": [0, 0, 140], "uv": [0, 0]},
						{"origin": [-22.5, 224, -22.5], "size": [45, 0, 45], "pivot": [0, -32, 0], "rotation": [0, 0, 150], "uv": [0, 0]},
						{"origin": [-22.5, -288, -22.5], "size": [45, 0, 45], "pivot": [0, -32, 0], "rotation": [0, 0, 150], "uv": [0, 0]},
						{"origin": [-22.5, 224, -22.5], "size": [45, 0, 45], "pivot": [0, -32, 0], "rotation": [0, 0, 160], "uv": [0, 0]},
						{"origin": [-22.5, -288, -22.5], "size": [45, 0, 45], "pivot": [0, -32, 0], "rotation": [0, 0, 160], "uv": [0, 0]},
						{"origin": [-22.5, 224, -22.5], "size": [45, 0, 45], "pivot": [0, -32, 0], "rotation": [0, 0, 170], "uv": [0, 0]},
						{"origin": [-22.5, -288, -22.5], "size": [45, 0, 45], "pivot": [0, -32, 0], "rotation": [0, 0, 170], "uv": [0, 0]},
						{"origin": [-22.5, 224, -22.5], "size": [45, 0, 45], "pivot": [0, -32, 0], "rotation": [0, 0, 90], "uv": [0, 0]},
						{"origin": [-22.5, -288, -22.5], "size": [45, 0, 45], "pivot": [0, -32, 0], "rotation": [0, 0, 90], "uv": [0, 0]}
					]
				},
				{
					"name": "12",
					"parent": "spawner_outer",
					"pivot": [0, -24, 0],
					"rotation": [0, -110, 0],
					"cubes": [
						{"origin": [-22.5, 224, -22.5], "size": [45, 0, 45], "uv": [0, 0]},
						{"origin": [-22.5, -288, -22.5], "size": [45, 0, 45], "uv": [0, 0]},
						{"origin": [-22.5, 224, -22.5], "size": [45, 0, 45], "pivot": [0, -32, 0], "rotation": [0, 0, 10], "uv": [0, 0]},
						{"origin": [-22.5, -288, -22.5], "size": [45, 0, 45], "pivot": [0, -32, 0], "rotation": [0, 0, 10], "uv": [0, 0]},
						{"origin": [-22.5, 224, -22.5], "size": [45, 0, 45], "pivot": [0, -32, 0], "rotation": [0, 0, 20], "uv": [0, 0]},
						{"origin": [-22.5, -288, -22.5], "size": [45, 0, 45], "pivot": [0, -32, 0], "rotation": [0, 0, 20], "uv": [0, 0]},
						{"origin": [-22.5, 224, -22.5], "size": [45, 0, 45], "pivot": [0, -32, 0], "rotation": [0, 0, 30], "uv": [0, 0]},
						{"origin": [-22.5, -288, -22.5], "size": [45, 0, 45], "pivot": [0, -32, 0], "rotation": [0, 0, 30], "uv": [0, 0]},
						{"origin": [-22.5, 224, -22.5], "size": [45, 0, 45], "pivot": [0, -32, 0], "rotation": [0, 0, 40], "uv": [0, 0]},
						{"origin": [-22.5, -288, -22.5], "size": [45, 0, 45], "pivot": [0, -32, 0], "rotation": [0, 0, 40], "uv": [0, 0]},
						{"origin": [-22.5, 224, -22.5], "size": [45, 0, 45], "pivot": [0, -32, 0], "rotation": [0, 0, 50], "uv": [0, 0]},
						{"origin": [-22.5, -288, -22.5], "size": [45, 0, 45], "pivot": [0, -32, 0], "rotation": [0, 0, 50], "uv": [0, 0]},
						{"origin": [-22.5, 224, -22.5], "size": [45, 0, 45], "pivot": [0, -32, 0], "rotation": [0, 0, 60], "uv": [0, 0]},
						{"origin": [-22.5, -288, -22.5], "size": [45, 0, 45], "pivot": [0, -32, 0], "rotation": [0, 0, 60], "uv": [0, 0]},
						{"origin": [-22.5, 224, -22.5], "size": [45, 0, 45], "pivot": [0, -32, 0], "rotation": [0, 0, 70], "uv": [0, 0]},
						{"origin": [-22.5, -288, -22.5], "size": [45, 0, 45], "pivot": [0, -32, 0], "rotation": [0, 0, 70], "uv": [0, 0]},
						{"origin": [-22.5, 224, -22.5], "size": [45, 0, 45], "pivot": [0, -32, 0], "rotation": [0, 0, 80], "uv": [0, 0]},
						{"origin": [-22.5, -288, -22.5], "size": [45, 0, 45], "pivot": [0, -32, 0], "rotation": [0, 0, 80], "uv": [0, 0]},
						{"origin": [-22.5, 224, -22.5], "size": [45, 0, 45], "pivot": [0, -32, 0], "rotation": [0, 0, 90], "uv": [0, 0]},
						{"origin": [-22.5, -288, -22.5], "size": [45, 0, 45], "pivot": [0, -32, 0], "rotation": [0, 0, 90], "uv": [0, 0]},
						{"origin": [-22.5, 224, -22.5], "size": [45, 0, 45], "pivot": [0, -32, 0], "rotation": [0, 0, 100], "uv": [0, 0]},
						{"origin": [-22.5, -288, -22.5], "size": [45, 0, 45], "pivot": [0, -32, 0], "rotation": [0, 0, 100], "uv": [0, 0]},
						{"origin": [-22.5, 224, -22.5], "size": [45, 0, 45], "pivot": [0, -32, 0], "rotation": [0, 0, 110], "uv": [0, 0]},
						{"origin": [-22.5, -288, -22.5], "size": [45, 0, 45], "pivot": [0, -32, 0], "rotation": [0, 0, 110], "uv": [0, 0]},
						{"origin": [-22.5, 224, -22.5], "size": [45, 0, 45], "pivot": [0, -32, 0], "rotation": [0, 0, 120], "uv": [0, 0]},
						{"origin": [-22.5, -288, -22.5], "size": [45, 0, 45], "pivot": [0, -32, 0], "rotation": [0, 0, 120], "uv": [0, 0]},
						{"origin": [-22.5, 224, -22.5], "size": [45, 0, 45], "pivot": [0, -32, 0], "rotation": [0, 0, 130], "uv": [0, 0]},
						{"origin": [-22.5, -288, -22.5], "size": [45, 0, 45], "pivot": [0, -32, 0], "rotation": [0, 0, 130], "uv": [0, 0]},
						{"origin": [-22.5, 224, -22.5], "size": [45, 0, 45], "pivot": [0, -32, 0], "rotation": [0, 0, 140], "uv": [0, 0]},
						{"origin": [-22.5, -288, -22.5], "size": [45, 0, 45], "pivot": [0, -32, 0], "rotation": [0, 0, 140], "uv": [0, 0]},
						{"origin": [-22.5, 224, -22.5], "size": [45, 0, 45], "pivot": [0, -32, 0], "rotation": [0, 0, 150], "uv": [0, 0]},
						{"origin": [-22.5, -288, -22.5], "size": [45, 0, 45], "pivot": [0, -32, 0], "rotation": [0, 0, 150], "uv": [0, 0]},
						{"origin": [-22.5, 224, -22.5], "size": [45, 0, 45], "pivot": [0, -32, 0], "rotation": [0, 0, 160], "uv": [0, 0]},
						{"origin": [-22.5, -288, -22.5], "size": [45, 0, 45], "pivot": [0, -32, 0], "rotation": [0, 0, 160], "uv": [0, 0]},
						{"origin": [-22.5, 224, -22.5], "size": [45, 0, 45], "pivot": [0, -32, 0], "rotation": [0, 0, 170], "uv": [0, 0]},
						{"origin": [-22.5, -288, -22.5], "size": [45, 0, 45], "pivot": [0, -32, 0], "rotation": [0, 0, 170], "uv": [0, 0]},
						{"origin": [-22.5, 224, -22.5], "size": [45, 0, 45], "pivot": [0, -32, 0], "rotation": [0, 0, 90], "uv": [0, 0]},
						{"origin": [-22.5, -288, -22.5], "size": [45, 0, 45], "pivot": [0, -32, 0], "rotation": [0, 0, 90], "uv": [0, 0]}
					]
				},
				{
					"name": "13",
					"parent": "spawner_outer",
					"pivot": [0, -24, 0],
					"rotation": [0, -120, 0],
					"cubes": [
						{"origin": [-22.5, 224, -22.5], "size": [45, 0, 45], "uv": [0, 0]},
						{"origin": [-22.5, -288, -22.5], "size": [45, 0, 45], "uv": [0, 0]},
						{"origin": [-22.5, 224, -22.5], "size": [45, 0, 45], "pivot": [0, -32, 0], "rotation": [0, 0, 10], "uv": [0, 0]},
						{"origin": [-22.5, -288, -22.5], "size": [45, 0, 45], "pivot": [0, -32, 0], "rotation": [0, 0, 10], "uv": [0, 0]},
						{"origin": [-22.5, 224, -22.5], "size": [45, 0, 45], "pivot": [0, -32, 0], "rotation": [0, 0, 20], "uv": [0, 0]},
						{"origin": [-22.5, -288, -22.5], "size": [45, 0, 45], "pivot": [0, -32, 0], "rotation": [0, 0, 20], "uv": [0, 0]},
						{"origin": [-22.5, 224, -22.5], "size": [45, 0, 45], "pivot": [0, -32, 0], "rotation": [0, 0, 30], "uv": [0, 0]},
						{"origin": [-22.5, -288, -22.5], "size": [45, 0, 45], "pivot": [0, -32, 0], "rotation": [0, 0, 30], "uv": [0, 0]},
						{"origin": [-22.5, 224, -22.5], "size": [45, 0, 45], "pivot": [0, -32, 0], "rotation": [0, 0, 40], "uv": [0, 0]},
						{"origin": [-22.5, -288, -22.5], "size": [45, 0, 45], "pivot": [0, -32, 0], "rotation": [0, 0, 40], "uv": [0, 0]},
						{"origin": [-22.5, 224, -22.5], "size": [45, 0, 45], "pivot": [0, -32, 0], "rotation": [0, 0, 50], "uv": [0, 0]},
						{"origin": [-22.5, -288, -22.5], "size": [45, 0, 45], "pivot": [0, -32, 0], "rotation": [0, 0, 50], "uv": [0, 0]},
						{"origin": [-22.5, 224, -22.5], "size": [45, 0, 45], "pivot": [0, -32, 0], "rotation": [0, 0, 60], "uv": [0, 0]},
						{"origin": [-22.5, -288, -22.5], "size": [45, 0, 45], "pivot": [0, -32, 0], "rotation": [0, 0, 60], "uv": [0, 0]},
						{"origin": [-22.5, 224, -22.5], "size": [45, 0, 45], "pivot": [0, -32, 0], "rotation": [0, 0, 70], "uv": [0, 0]},
						{"origin": [-22.5, -288, -22.5], "size": [45, 0, 45], "pivot": [0, -32, 0], "rotation": [0, 0, 70], "uv": [0, 0]},
						{"origin": [-22.5, 224, -22.5], "size": [45, 0, 45], "pivot": [0, -32, 0], "rotation": [0, 0, 80], "uv": [0, 0]},
						{"origin": [-22.5, -288, -22.5], "size": [45, 0, 45], "pivot": [0, -32, 0], "rotation": [0, 0, 80], "uv": [0, 0]},
						{"origin": [-22.5, 224, -22.5], "size": [45, 0, 45], "pivot": [0, -32, 0], "rotation": [0, 0, 90], "uv": [0, 0]},
						{"origin": [-22.5, -288, -22.5], "size": [45, 0, 45], "pivot": [0, -32, 0], "rotation": [0, 0, 90], "uv": [0, 0]},
						{"origin": [-22.5, 224, -22.5], "size": [45, 0, 45], "pivot": [0, -32, 0], "rotation": [0, 0, 100], "uv": [0, 0]},
						{"origin": [-22.5, -288, -22.5], "size": [45, 0, 45], "pivot": [0, -32, 0], "rotation": [0, 0, 100], "uv": [0, 0]},
						{"origin": [-22.5, 224, -22.5], "size": [45, 0, 45], "pivot": [0, -32, 0], "rotation": [0, 0, 110], "uv": [0, 0]},
						{"origin": [-22.5, -288, -22.5], "size": [45, 0, 45], "pivot": [0, -32, 0], "rotation": [0, 0, 110], "uv": [0, 0]},
						{"origin": [-22.5, 224, -22.5], "size": [45, 0, 45], "pivot": [0, -32, 0], "rotation": [0, 0, 120], "uv": [0, 0]},
						{"origin": [-22.5, -288, -22.5], "size": [45, 0, 45], "pivot": [0, -32, 0], "rotation": [0, 0, 120], "uv": [0, 0]},
						{"origin": [-22.5, 224, -22.5], "size": [45, 0, 45], "pivot": [0, -32, 0], "rotation": [0, 0, 130], "uv": [0, 0]},
						{"origin": [-22.5, -288, -22.5], "size": [45, 0, 45], "pivot": [0, -32, 0], "rotation": [0, 0, 130], "uv": [0, 0]},
						{"origin": [-22.5, 224, -22.5], "size": [45, 0, 45], "pivot": [0, -32, 0], "rotation": [0, 0, 140], "uv": [0, 0]},
						{"origin": [-22.5, -288, -22.5], "size": [45, 0, 45], "pivot": [0, -32, 0], "rotation": [0, 0, 140], "uv": [0, 0]},
						{"origin": [-22.5, 224, -22.5], "size": [45, 0, 45], "pivot": [0, -32, 0], "rotation": [0, 0, 150], "uv": [0, 0]},
						{"origin": [-22.5, -288, -22.5], "size": [45, 0, 45], "pivot": [0, -32, 0], "rotation": [0, 0, 150], "uv": [0, 0]},
						{"origin": [-22.5, 224, -22.5], "size": [45, 0, 45], "pivot": [0, -32, 0], "rotation": [0, 0, 160], "uv": [0, 0]},
						{"origin": [-22.5, -288, -22.5], "size": [45, 0, 45], "pivot": [0, -32, 0], "rotation": [0, 0, 160], "uv": [0, 0]},
						{"origin": [-22.5, 224, -22.5], "size": [45, 0, 45], "pivot": [0, -32, 0], "rotation": [0, 0, 170], "uv": [0, 0]},
						{"origin": [-22.5, -288, -22.5], "size": [45, 0, 45], "pivot": [0, -32, 0], "rotation": [0, 0, 170], "uv": [0, 0]},
						{"origin": [-22.5, 224, -22.5], "size": [45, 0, 45], "pivot": [0, -32, 0], "rotation": [0, 0, 90], "uv": [0, 0]},
						{"origin": [-22.5, -288, -22.5], "size": [45, 0, 45], "pivot": [0, -32, 0], "rotation": [0, 0, 90], "uv": [0, 0]}
					]
				},
				{
					"name": "14",
					"parent": "spawner_outer",
					"pivot": [0, -24, 0],
					"rotation": [0, -130, 0],
					"cubes": [
						{"origin": [-22.5, 224, -22.5], "size": [45, 0, 45], "uv": [0, 0]},
						{"origin": [-22.5, -288, -22.5], "size": [45, 0, 45], "uv": [0, 0]},
						{"origin": [-22.5, 224, -22.5], "size": [45, 0, 45], "pivot": [0, -32, 0], "rotation": [0, 0, 10], "uv": [0, 0]},
						{"origin": [-22.5, -288, -22.5], "size": [45, 0, 45], "pivot": [0, -32, 0], "rotation": [0, 0, 10], "uv": [0, 0]},
						{"origin": [-22.5, 224, -22.5], "size": [45, 0, 45], "pivot": [0, -32, 0], "rotation": [0, 0, 20], "uv": [0, 0]},
						{"origin": [-22.5, -288, -22.5], "size": [45, 0, 45], "pivot": [0, -32, 0], "rotation": [0, 0, 20], "uv": [0, 0]},
						{"origin": [-22.5, 224, -22.5], "size": [45, 0, 45], "pivot": [0, -32, 0], "rotation": [0, 0, 30], "uv": [0, 0]},
						{"origin": [-22.5, -288, -22.5], "size": [45, 0, 45], "pivot": [0, -32, 0], "rotation": [0, 0, 30], "uv": [0, 0]},
						{"origin": [-22.5, 224, -22.5], "size": [45, 0, 45], "pivot": [0, -32, 0], "rotation": [0, 0, 40], "uv": [0, 0]},
						{"origin": [-22.5, -288, -22.5], "size": [45, 0, 45], "pivot": [0, -32, 0], "rotation": [0, 0, 40], "uv": [0, 0]},
						{"origin": [-22.5, 224, -22.5], "size": [45, 0, 45], "pivot": [0, -32, 0], "rotation": [0, 0, 50], "uv": [0, 0]},
						{"origin": [-22.5, -288, -22.5], "size": [45, 0, 45], "pivot": [0, -32, 0], "rotation": [0, 0, 50], "uv": [0, 0]},
						{"origin": [-22.5, 224, -22.5], "size": [45, 0, 45], "pivot": [0, -32, 0], "rotation": [0, 0, 60], "uv": [0, 0]},
						{"origin": [-22.5, -288, -22.5], "size": [45, 0, 45], "pivot": [0, -32, 0], "rotation": [0, 0, 60], "uv": [0, 0]},
						{"origin": [-22.5, 224, -22.5], "size": [45, 0, 45], "pivot": [0, -32, 0], "rotation": [0, 0, 70], "uv": [0, 0]},
						{"origin": [-22.5, -288, -22.5], "size": [45, 0, 45], "pivot": [0, -32, 0], "rotation": [0, 0, 70], "uv": [0, 0]},
						{"origin": [-22.5, 224, -22.5], "size": [45, 0, 45], "pivot": [0, -32, 0], "rotation": [0, 0, 80], "uv": [0, 0]},
						{"origin": [-22.5, -288, -22.5], "size": [45, 0, 45], "pivot": [0, -32, 0], "rotation": [0, 0, 80], "uv": [0, 0]},
						{"origin": [-22.5, 224, -22.5], "size": [45, 0, 45], "pivot": [0, -32, 0], "rotation": [0, 0, 90], "uv": [0, 0]},
						{"origin": [-22.5, -288, -22.5], "size": [45, 0, 45], "pivot": [0, -32, 0], "rotation": [0, 0, 90], "uv": [0, 0]},
						{"origin": [-22.5, 224, -22.5], "size": [45, 0, 45], "pivot": [0, -32, 0], "rotation": [0, 0, 100], "uv": [0, 0]},
						{"origin": [-22.5, -288, -22.5], "size": [45, 0, 45], "pivot": [0, -32, 0], "rotation": [0, 0, 100], "uv": [0, 0]},
						{"origin": [-22.5, 224, -22.5], "size": [45, 0, 45], "pivot": [0, -32, 0], "rotation": [0, 0, 110], "uv": [0, 0]},
						{"origin": [-22.5, -288, -22.5], "size": [45, 0, 45], "pivot": [0, -32, 0], "rotation": [0, 0, 110], "uv": [0, 0]},
						{"origin": [-22.5, 224, -22.5], "size": [45, 0, 45], "pivot": [0, -32, 0], "rotation": [0, 0, 120], "uv": [0, 0]},
						{"origin": [-22.5, -288, -22.5], "size": [45, 0, 45], "pivot": [0, -32, 0], "rotation": [0, 0, 120], "uv": [0, 0]},
						{"origin": [-22.5, 224, -22.5], "size": [45, 0, 45], "pivot": [0, -32, 0], "rotation": [0, 0, 130], "uv": [0, 0]},
						{"origin": [-22.5, -288, -22.5], "size": [45, 0, 45], "pivot": [0, -32, 0], "rotation": [0, 0, 130], "uv": [0, 0]},
						{"origin": [-22.5, 224, -22.5], "size": [45, 0, 45], "pivot": [0, -32, 0], "rotation": [0, 0, 140], "uv": [0, 0]},
						{"origin": [-22.5, -288, -22.5], "size": [45, 0, 45], "pivot": [0, -32, 0], "rotation": [0, 0, 140], "uv": [0, 0]},
						{"origin": [-22.5, 224, -22.5], "size": [45, 0, 45], "pivot": [0, -32, 0], "rotation": [0, 0, 150], "uv": [0, 0]},
						{"origin": [-22.5, -288, -22.5], "size": [45, 0, 45], "pivot": [0, -32, 0], "rotation": [0, 0, 150], "uv": [0, 0]},
						{"origin": [-22.5, 224, -22.5], "size": [45, 0, 45], "pivot": [0, -32, 0], "rotation": [0, 0, 160], "uv": [0, 0]},
						{"origin": [-22.5, -288, -22.5], "size": [45, 0, 45], "pivot": [0, -32, 0], "rotation": [0, 0, 160], "uv": [0, 0]},
						{"origin": [-22.5, 224, -22.5], "size": [45, 0, 45], "pivot": [0, -32, 0], "rotation": [0, 0, 170], "uv": [0, 0]},
						{"origin": [-22.5, -288, -22.5], "size": [45, 0, 45], "pivot": [0, -32, 0], "rotation": [0, 0, 170], "uv": [0, 0]},
						{"origin": [-22.5, 224, -22.5], "size": [45, 0, 45], "pivot": [0, -32, 0], "rotation": [0, 0, 90], "uv": [0, 0]},
						{"origin": [-22.5, -288, -22.5], "size": [45, 0, 45], "pivot": [0, -32, 0], "rotation": [0, 0, 90], "uv": [0, 0]}
					]
				},
				{
					"name": "15",
					"parent": "spawner_outer",
					"pivot": [0, -24, 0],
					"rotation": [0, -140, 0],
					"cubes": [
						{"origin": [-22.5, 224, -22.5], "size": [45, 0, 45], "uv": [0, 0]},
						{"origin": [-22.5, -288, -22.5], "size": [45, 0, 45], "uv": [0, 0]},
						{"origin": [-22.5, 224, -22.5], "size": [45, 0, 45], "pivot": [0, -32, 0], "rotation": [0, 0, 10], "uv": [0, 0]},
						{"origin": [-22.5, -288, -22.5], "size": [45, 0, 45], "pivot": [0, -32, 0], "rotation": [0, 0, 10], "uv": [0, 0]},
						{"origin": [-22.5, 224, -22.5], "size": [45, 0, 45], "pivot": [0, -32, 0], "rotation": [0, 0, 20], "uv": [0, 0]},
						{"origin": [-22.5, -288, -22.5], "size": [45, 0, 45], "pivot": [0, -32, 0], "rotation": [0, 0, 20], "uv": [0, 0]},
						{"origin": [-22.5, 224, -22.5], "size": [45, 0, 45], "pivot": [0, -32, 0], "rotation": [0, 0, 30], "uv": [0, 0]},
						{"origin": [-22.5, -288, -22.5], "size": [45, 0, 45], "pivot": [0, -32, 0], "rotation": [0, 0, 30], "uv": [0, 0]},
						{"origin": [-22.5, 224, -22.5], "size": [45, 0, 45], "pivot": [0, -32, 0], "rotation": [0, 0, 40], "uv": [0, 0]},
						{"origin": [-22.5, -288, -22.5], "size": [45, 0, 45], "pivot": [0, -32, 0], "rotation": [0, 0, 40], "uv": [0, 0]},
						{"origin": [-22.5, 224, -22.5], "size": [45, 0, 45], "pivot": [0, -32, 0], "rotation": [0, 0, 50], "uv": [0, 0]},
						{"origin": [-22.5, -288, -22.5], "size": [45, 0, 45], "pivot": [0, -32, 0], "rotation": [0, 0, 50], "uv": [0, 0]},
						{"origin": [-22.5, 224, -22.5], "size": [45, 0, 45], "pivot": [0, -32, 0], "rotation": [0, 0, 60], "uv": [0, 0]},
						{"origin": [-22.5, -288, -22.5], "size": [45, 0, 45], "pivot": [0, -32, 0], "rotation": [0, 0, 60], "uv": [0, 0]},
						{"origin": [-22.5, 224, -22.5], "size": [45, 0, 45], "pivot": [0, -32, 0], "rotation": [0, 0, 70], "uv": [0, 0]},
						{"origin": [-22.5, -288, -22.5], "size": [45, 0, 45], "pivot": [0, -32, 0], "rotation": [0, 0, 70], "uv": [0, 0]},
						{"origin": [-22.5, 224, -22.5], "size": [45, 0, 45], "pivot": [0, -32, 0], "rotation": [0, 0, 80], "uv": [0, 0]},
						{"origin": [-22.5, -288, -22.5], "size": [45, 0, 45], "pivot": [0, -32, 0], "rotation": [0, 0, 80], "uv": [0, 0]},
						{"origin": [-22.5, 224, -22.5], "size": [45, 0, 45], "pivot": [0, -32, 0], "rotation": [0, 0, 90], "uv": [0, 0]},
						{"origin": [-22.5, -288, -22.5], "size": [45, 0, 45], "pivot": [0, -32, 0], "rotation": [0, 0, 90], "uv": [0, 0]},
						{"origin": [-22.5, 224, -22.5], "size": [45, 0, 45], "pivot": [0, -32, 0], "rotation": [0, 0, 100], "uv": [0, 0]},
						{"origin": [-22.5, -288, -22.5], "size": [45, 0, 45], "pivot": [0, -32, 0], "rotation": [0, 0, 100], "uv": [0, 0]},
						{"origin": [-22.5, 224, -22.5], "size": [45, 0, 45], "pivot": [0, -32, 0], "rotation": [0, 0, 110], "uv": [0, 0]},
						{"origin": [-22.5, -288, -22.5], "size": [45, 0, 45], "pivot": [0, -32, 0], "rotation": [0, 0, 110], "uv": [0, 0]},
						{"origin": [-22.5, 224, -22.5], "size": [45, 0, 45], "pivot": [0, -32, 0], "rotation": [0, 0, 120], "uv": [0, 0]},
						{"origin": [-22.5, -288, -22.5], "size": [45, 0, 45], "pivot": [0, -32, 0], "rotation": [0, 0, 120], "uv": [0, 0]},
						{"origin": [-22.5, 224, -22.5], "size": [45, 0, 45], "pivot": [0, -32, 0], "rotation": [0, 0, 130], "uv": [0, 0]},
						{"origin": [-22.5, -288, -22.5], "size": [45, 0, 45], "pivot": [0, -32, 0], "rotation": [0, 0, 130], "uv": [0, 0]},
						{"origin": [-22.5, 224, -22.5], "size": [45, 0, 45], "pivot": [0, -32, 0], "rotation": [0, 0, 140], "uv": [0, 0]},
						{"origin": [-22.5, -288, -22.5], "size": [45, 0, 45], "pivot": [0, -32, 0], "rotation": [0, 0, 140], "uv": [0, 0]},
						{"origin": [-22.5, 224, -22.5], "size": [45, 0, 45], "pivot": [0, -32, 0], "rotation": [0, 0, 150], "uv": [0, 0]},
						{"origin": [-22.5, -288, -22.5], "size": [45, 0, 45], "pivot": [0, -32, 0], "rotation": [0, 0, 150], "uv": [0, 0]},
						{"origin": [-22.5, 224, -22.5], "size": [45, 0, 45], "pivot": [0, -32, 0], "rotation": [0, 0, 160], "uv": [0, 0]},
						{"origin": [-22.5, -288, -22.5], "size": [45, 0, 45], "pivot": [0, -32, 0], "rotation": [0, 0, 160], "uv": [0, 0]},
						{"origin": [-22.5, 224, -22.5], "size": [45, 0, 45], "pivot": [0, -32, 0], "rotation": [0, 0, 170], "uv": [0, 0]},
						{"origin": [-22.5, -288, -22.5], "size": [45, 0, 45], "pivot": [0, -32, 0], "rotation": [0, 0, 170], "uv": [0, 0]},
						{"origin": [-22.5, 224, -22.5], "size": [45, 0, 45], "pivot": [0, -32, 0], "rotation": [0, 0, 90], "uv": [0, 0]},
						{"origin": [-22.5, -288, -22.5], "size": [45, 0, 45], "pivot": [0, -32, 0], "rotation": [0, 0, 90], "uv": [0, 0]}
					]
				},
				{
					"name": "16",
					"parent": "spawner_outer",
					"pivot": [0, -24, 0],
					"rotation": [0, -150, 0],
					"cubes": [
						{"origin": [-22.5, 224, -22.5], "size": [45, 0, 45], "uv": [0, 0]},
						{"origin": [-22.5, -288, -22.5], "size": [45, 0, 45], "uv": [0, 0]},
						{"origin": [-22.5, 224, -22.5], "size": [45, 0, 45], "pivot": [0, -32, 0], "rotation": [0, 0, 10], "uv": [0, 0]},
						{"origin": [-22.5, -288, -22.5], "size": [45, 0, 45], "pivot": [0, -32, 0], "rotation": [0, 0, 10], "uv": [0, 0]},
						{"origin": [-22.5, 224, -22.5], "size": [45, 0, 45], "pivot": [0, -32, 0], "rotation": [0, 0, 20], "uv": [0, 0]},
						{"origin": [-22.5, -288, -22.5], "size": [45, 0, 45], "pivot": [0, -32, 0], "rotation": [0, 0, 20], "uv": [0, 0]},
						{"origin": [-22.5, 224, -22.5], "size": [45, 0, 45], "pivot": [0, -32, 0], "rotation": [0, 0, 30], "uv": [0, 0]},
						{"origin": [-22.5, -288, -22.5], "size": [45, 0, 45], "pivot": [0, -32, 0], "rotation": [0, 0, 30], "uv": [0, 0]},
						{"origin": [-22.5, 224, -22.5], "size": [45, 0, 45], "pivot": [0, -32, 0], "rotation": [0, 0, 40], "uv": [0, 0]},
						{"origin": [-22.5, -288, -22.5], "size": [45, 0, 45], "pivot": [0, -32, 0], "rotation": [0, 0, 40], "uv": [0, 0]},
						{"origin": [-22.5, 224, -22.5], "size": [45, 0, 45], "pivot": [0, -32, 0], "rotation": [0, 0, 50], "uv": [0, 0]},
						{"origin": [-22.5, -288, -22.5], "size": [45, 0, 45], "pivot": [0, -32, 0], "rotation": [0, 0, 50], "uv": [0, 0]},
						{"origin": [-22.5, 224, -22.5], "size": [45, 0, 45], "pivot": [0, -32, 0], "rotation": [0, 0, 60], "uv": [0, 0]},
						{"origin": [-22.5, -288, -22.5], "size": [45, 0, 45], "pivot": [0, -32, 0], "rotation": [0, 0, 60], "uv": [0, 0]},
						{"origin": [-22.5, 224, -22.5], "size": [45, 0, 45], "pivot": [0, -32, 0], "rotation": [0, 0, 70], "uv": [0, 0]},
						{"origin": [-22.5, -288, -22.5], "size": [45, 0, 45], "pivot": [0, -32, 0], "rotation": [0, 0, 70], "uv": [0, 0]},
						{"origin": [-22.5, 224, -22.5], "size": [45, 0, 45], "pivot": [0, -32, 0], "rotation": [0, 0, 80], "uv": [0, 0]},
						{"origin": [-22.5, -288, -22.5], "size": [45, 0, 45], "pivot": [0, -32, 0], "rotation": [0, 0, 80], "uv": [0, 0]},
						{"origin": [-22.5, 224, -22.5], "size": [45, 0, 45], "pivot": [0, -32, 0], "rotation": [0, 0, 90], "uv": [0, 0]},
						{"origin": [-22.5, -288, -22.5], "size": [45, 0, 45], "pivot": [0, -32, 0], "rotation": [0, 0, 90], "uv": [0, 0]},
						{"origin": [-22.5, 224, -22.5], "size": [45, 0, 45], "pivot": [0, -32, 0], "rotation": [0, 0, 100], "uv": [0, 0]},
						{"origin": [-22.5, -288, -22.5], "size": [45, 0, 45], "pivot": [0, -32, 0], "rotation": [0, 0, 100], "uv": [0, 0]},
						{"origin": [-22.5, 224, -22.5], "size": [45, 0, 45], "pivot": [0, -32, 0], "rotation": [0, 0, 110], "uv": [0, 0]},
						{"origin": [-22.5, -288, -22.5], "size": [45, 0, 45], "pivot": [0, -32, 0], "rotation": [0, 0, 110], "uv": [0, 0]},
						{"origin": [-22.5, 224, -22.5], "size": [45, 0, 45], "pivot": [0, -32, 0], "rotation": [0, 0, 120], "uv": [0, 0]},
						{"origin": [-22.5, -288, -22.5], "size": [45, 0, 45], "pivot": [0, -32, 0], "rotation": [0, 0, 120], "uv": [0, 0]},
						{"origin": [-22.5, 224, -22.5], "size": [45, 0, 45], "pivot": [0, -32, 0], "rotation": [0, 0, 130], "uv": [0, 0]},
						{"origin": [-22.5, -288, -22.5], "size": [45, 0, 45], "pivot": [0, -32, 0], "rotation": [0, 0, 130], "uv": [0, 0]},
						{"origin": [-22.5, 224, -22.5], "size": [45, 0, 45], "pivot": [0, -32, 0], "rotation": [0, 0, 140], "uv": [0, 0]},
						{"origin": [-22.5, -288, -22.5], "size": [45, 0, 45], "pivot": [0, -32, 0], "rotation": [0, 0, 140], "uv": [0, 0]},
						{"origin": [-22.5, 224, -22.5], "size": [45, 0, 45], "pivot": [0, -32, 0], "rotation": [0, 0, 150], "uv": [0, 0]},
						{"origin": [-22.5, -288, -22.5], "size": [45, 0, 45], "pivot": [0, -32, 0], "rotation": [0, 0, 150], "uv": [0, 0]},
						{"origin": [-22.5, 224, -22.5], "size": [45, 0, 45], "pivot": [0, -32, 0], "rotation": [0, 0, 160], "uv": [0, 0]},
						{"origin": [-22.5, -288, -22.5], "size": [45, 0, 45], "pivot": [0, -32, 0], "rotation": [0, 0, 160], "uv": [0, 0]},
						{"origin": [-22.5, 224, -22.5], "size": [45, 0, 45], "pivot": [0, -32, 0], "rotation": [0, 0, 170], "uv": [0, 0]},
						{"origin": [-22.5, -288, -22.5], "size": [45, 0, 45], "pivot": [0, -32, 0], "rotation": [0, 0, 170], "uv": [0, 0]},
						{"origin": [-22.5, 224, -22.5], "size": [45, 0, 45], "pivot": [0, -32, 0], "rotation": [0, 0, 90], "uv": [0, 0]},
						{"origin": [-22.5, -288, -22.5], "size": [45, 0, 45], "pivot": [0, -32, 0], "rotation": [0, 0, 90], "uv": [0, 0]}
					]
				},
				{
					"name": "17",
					"parent": "spawner_outer",
					"pivot": [0, -24, 0],
					"rotation": [0, -160, 0],
					"cubes": [
						{"origin": [-22.5, 224, -22.5], "size": [45, 0, 45], "uv": [0, 0]},
						{"origin": [-22.5, -288, -22.5], "size": [45, 0, 45], "uv": [0, 0]},
						{"origin": [-22.5, 224, -22.5], "size": [45, 0, 45], "pivot": [0, -32, 0], "rotation": [0, 0, 10], "uv": [0, 0]},
						{"origin": [-22.5, -288, -22.5], "size": [45, 0, 45], "pivot": [0, -32, 0], "rotation": [0, 0, 10], "uv": [0, 0]},
						{"origin": [-22.5, 224, -22.5], "size": [45, 0, 45], "pivot": [0, -32, 0], "rotation": [0, 0, 20], "uv": [0, 0]},
						{"origin": [-22.5, -288, -22.5], "size": [45, 0, 45], "pivot": [0, -32, 0], "rotation": [0, 0, 20], "uv": [0, 0]},
						{"origin": [-22.5, 224, -22.5], "size": [45, 0, 45], "pivot": [0, -32, 0], "rotation": [0, 0, 30], "uv": [0, 0]},
						{"origin": [-22.5, -288, -22.5], "size": [45, 0, 45], "pivot": [0, -32, 0], "rotation": [0, 0, 30], "uv": [0, 0]},
						{"origin": [-22.5, 224, -22.5], "size": [45, 0, 45], "pivot": [0, -32, 0], "rotation": [0, 0, 40], "uv": [0, 0]},
						{"origin": [-22.5, -288, -22.5], "size": [45, 0, 45], "pivot": [0, -32, 0], "rotation": [0, 0, 40], "uv": [0, 0]},
						{"origin": [-22.5, 224, -22.5], "size": [45, 0, 45], "pivot": [0, -32, 0], "rotation": [0, 0, 50], "uv": [0, 0]},
						{"origin": [-22.5, -288, -22.5], "size": [45, 0, 45], "pivot": [0, -32, 0], "rotation": [0, 0, 50], "uv": [0, 0]},
						{"origin": [-22.5, 224, -22.5], "size": [45, 0, 45], "pivot": [0, -32, 0], "rotation": [0, 0, 60], "uv": [0, 0]},
						{"origin": [-22.5, -288, -22.5], "size": [45, 0, 45], "pivot": [0, -32, 0], "rotation": [0, 0, 60], "uv": [0, 0]},
						{"origin": [-22.5, 224, -22.5], "size": [45, 0, 45], "pivot": [0, -32, 0], "rotation": [0, 0, 70], "uv": [0, 0]},
						{"origin": [-22.5, -288, -22.5], "size": [45, 0, 45], "pivot": [0, -32, 0], "rotation": [0, 0, 70], "uv": [0, 0]},
						{"origin": [-22.5, 224, -22.5], "size": [45, 0, 45], "pivot": [0, -32, 0], "rotation": [0, 0, 80], "uv": [0, 0]},
						{"origin": [-22.5, -288, -22.5], "size": [45, 0, 45], "pivot": [0, -32, 0], "rotation": [0, 0, 80], "uv": [0, 0]},
						{"origin": [-22.5, 224, -22.5], "size": [45, 0, 45], "pivot": [0, -32, 0], "rotation": [0, 0, 90], "uv": [0, 0]},
						{"origin": [-22.5, -288, -22.5], "size": [45, 0, 45], "pivot": [0, -32, 0], "rotation": [0, 0, 90], "uv": [0, 0]},
						{"origin": [-22.5, 224, -22.5], "size": [45, 0, 45], "pivot": [0, -32, 0], "rotation": [0, 0, 100], "uv": [0, 0]},
						{"origin": [-22.5, -288, -22.5], "size": [45, 0, 45], "pivot": [0, -32, 0], "rotation": [0, 0, 100], "uv": [0, 0]},
						{"origin": [-22.5, 224, -22.5], "size": [45, 0, 45], "pivot": [0, -32, 0], "rotation": [0, 0, 110], "uv": [0, 0]},
						{"origin": [-22.5, -288, -22.5], "size": [45, 0, 45], "pivot": [0, -32, 0], "rotation": [0, 0, 110], "uv": [0, 0]},
						{"origin": [-22.5, 224, -22.5], "size": [45, 0, 45], "pivot": [0, -32, 0], "rotation": [0, 0, 120], "uv": [0, 0]},
						{"origin": [-22.5, -288, -22.5], "size": [45, 0, 45], "pivot": [0, -32, 0], "rotation": [0, 0, 120], "uv": [0, 0]},
						{"origin": [-22.5, 224, -22.5], "size": [45, 0, 45], "pivot": [0, -32, 0], "rotation": [0, 0, 130], "uv": [0, 0]},
						{"origin": [-22.5, -288, -22.5], "size": [45, 0, 45], "pivot": [0, -32, 0], "rotation": [0, 0, 130], "uv": [0, 0]},
						{"origin": [-22.5, 224, -22.5], "size": [45, 0, 45], "pivot": [0, -32, 0], "rotation": [0, 0, 140], "uv": [0, 0]},
						{"origin": [-22.5, -288, -22.5], "size": [45, 0, 45], "pivot": [0, -32, 0], "rotation": [0, 0, 140], "uv": [0, 0]},
						{"origin": [-22.5, 224, -22.5], "size": [45, 0, 45], "pivot": [0, -32, 0], "rotation": [0, 0, 150], "uv": [0, 0]},
						{"origin": [-22.5, -288, -22.5], "size": [45, 0, 45], "pivot": [0, -32, 0], "rotation": [0, 0, 150], "uv": [0, 0]},
						{"origin": [-22.5, 224, -22.5], "size": [45, 0, 45], "pivot": [0, -32, 0], "rotation": [0, 0, 160], "uv": [0, 0]},
						{"origin": [-22.5, -288, -22.5], "size": [45, 0, 45], "pivot": [0, -32, 0], "rotation": [0, 0, 160], "uv": [0, 0]},
						{"origin": [-22.5, 224, -22.5], "size": [45, 0, 45], "pivot": [0, -32, 0], "rotation": [0, 0, 170], "uv": [0, 0]},
						{"origin": [-22.5, -288, -22.5], "size": [45, 0, 45], "pivot": [0, -32, 0], "rotation": [0, 0, 170], "uv": [0, 0]},
						{"origin": [-22.5, 224, -22.5], "size": [45, 0, 45], "pivot": [0, -32, 0], "rotation": [0, 0, 90], "uv": [0, 0]},
						{"origin": [-22.5, -288, -22.5], "size": [45, 0, 45], "pivot": [0, -32, 0], "rotation": [0, 0, 90], "uv": [0, 0]}
					]
				},
				{
					"name": "18",
					"parent": "spawner_outer",
					"pivot": [0, -24, 0],
					"rotation": [0, -170, 0],
					"cubes": [
						{"origin": [-22.5, 224, -22.5], "size": [45, 0, 45], "uv": [0, 0]},
						{"origin": [-22.5, -288, -22.5], "size": [45, 0, 45], "uv": [0, 0]},
						{"origin": [-22.5, 224, -22.5], "size": [45, 0, 45], "pivot": [0, -32, 0], "rotation": [0, 0, 10], "uv": [0, 0]},
						{"origin": [-22.5, -288, -22.5], "size": [45, 0, 45], "pivot": [0, -32, 0], "rotation": [0, 0, 10], "uv": [0, 0]},
						{"origin": [-22.5, 224, -22.5], "size": [45, 0, 45], "pivot": [0, -32, 0], "rotation": [0, 0, 20], "uv": [0, 0]},
						{"origin": [-22.5, -288, -22.5], "size": [45, 0, 45], "pivot": [0, -32, 0], "rotation": [0, 0, 20], "uv": [0, 0]},
						{"origin": [-22.5, 224, -22.5], "size": [45, 0, 45], "pivot": [0, -32, 0], "rotation": [0, 0, 30], "uv": [0, 0]},
						{"origin": [-22.5, -288, -22.5], "size": [45, 0, 45], "pivot": [0, -32, 0], "rotation": [0, 0, 30], "uv": [0, 0]},
						{"origin": [-22.5, 224, -22.5], "size": [45, 0, 45], "pivot": [0, -32, 0], "rotation": [0, 0, 40], "uv": [0, 0]},
						{"origin": [-22.5, -288, -22.5], "size": [45, 0, 45], "pivot": [0, -32, 0], "rotation": [0, 0, 40], "uv": [0, 0]},
						{"origin": [-22.5, 224, -22.5], "size": [45, 0, 45], "pivot": [0, -32, 0], "rotation": [0, 0, 50], "uv": [0, 0]},
						{"origin": [-22.5, -288, -22.5], "size": [45, 0, 45], "pivot": [0, -32, 0], "rotation": [0, 0, 50], "uv": [0, 0]},
						{"origin": [-22.5, 224, -22.5], "size": [45, 0, 45], "pivot": [0, -32, 0], "rotation": [0, 0, 60], "uv": [0, 0]},
						{"origin": [-22.5, -288, -22.5], "size": [45, 0, 45], "pivot": [0, -32, 0], "rotation": [0, 0, 60], "uv": [0, 0]},
						{"origin": [-22.5, 224, -22.5], "size": [45, 0, 45], "pivot": [0, -32, 0], "rotation": [0, 0, 70], "uv": [0, 0]},
						{"origin": [-22.5, -288, -22.5], "size": [45, 0, 45], "pivot": [0, -32, 0], "rotation": [0, 0, 70], "uv": [0, 0]},
						{"origin": [-22.5, 224, -22.5], "size": [45, 0, 45], "pivot": [0, -32, 0], "rotation": [0, 0, 80], "uv": [0, 0]},
						{"origin": [-22.5, -288, -22.5], "size": [45, 0, 45], "pivot": [0, -32, 0], "rotation": [0, 0, 80], "uv": [0, 0]},
						{"origin": [-22.5, 224, -22.5], "size": [45, 0, 45], "pivot": [0, -32, 0], "rotation": [0, 0, 90], "uv": [0, 0]},
						{"origin": [-22.5, -288, -22.5], "size": [45, 0, 45], "pivot": [0, -32, 0], "rotation": [0, 0, 90], "uv": [0, 0]},
						{"origin": [-22.5, 224, -22.5], "size": [45, 0, 45], "pivot": [0, -32, 0], "rotation": [0, 0, 100], "uv": [0, 0]},
						{"origin": [-22.5, -288, -22.5], "size": [45, 0, 45], "pivot": [0, -32, 0], "rotation": [0, 0, 100], "uv": [0, 0]},
						{"origin": [-22.5, 224, -22.5], "size": [45, 0, 45], "pivot": [0, -32, 0], "rotation": [0, 0, 110], "uv": [0, 0]},
						{"origin": [-22.5, -288, -22.5], "size": [45, 0, 45], "pivot": [0, -32, 0], "rotation": [0, 0, 110], "uv": [0, 0]},
						{"origin": [-22.5, 224, -22.5], "size": [45, 0, 45], "pivot": [0, -32, 0], "rotation": [0, 0, 120], "uv": [0, 0]},
						{"origin": [-22.5, -288, -22.5], "size": [45, 0, 45], "pivot": [0, -32, 0], "rotation": [0, 0, 120], "uv": [0, 0]},
						{"origin": [-22.5, 224, -22.5], "size": [45, 0, 45], "pivot": [0, -32, 0], "rotation": [0, 0, 130], "uv": [0, 0]},
						{"origin": [-22.5, -288, -22.5], "size": [45, 0, 45], "pivot": [0, -32, 0], "rotation": [0, 0, 130], "uv": [0, 0]},
						{"origin": [-22.5, 224, -22.5], "size": [45, 0, 45], "pivot": [0, -32, 0], "rotation": [0, 0, 140], "uv": [0, 0]},
						{"origin": [-22.5, -288, -22.5], "size": [45, 0, 45], "pivot": [0, -32, 0], "rotation": [0, 0, 140], "uv": [0, 0]},
						{"origin": [-22.5, 224, -22.5], "size": [45, 0, 45], "pivot": [0, -32, 0], "rotation": [0, 0, 150], "uv": [0, 0]},
						{"origin": [-22.5, -288, -22.5], "size": [45, 0, 45], "pivot": [0, -32, 0], "rotation": [0, 0, 150], "uv": [0, 0]},
						{"origin": [-22.5, 224, -22.5], "size": [45, 0, 45], "pivot": [0, -32, 0], "rotation": [0, 0, 160], "uv": [0, 0]},
						{"origin": [-22.5, -288, -22.5], "size": [45, 0, 45], "pivot": [0, -32, 0], "rotation": [0, 0, 160], "uv": [0, 0]},
						{"origin": [-22.5, 224, -22.5], "size": [45, 0, 45], "pivot": [0, -32, 0], "rotation": [0, 0, 170], "uv": [0, 0]},
						{"origin": [-22.5, -288, -22.5], "size": [45, 0, 45], "pivot": [0, -32, 0], "rotation": [0, 0, 170], "uv": [0, 0]},
						{"origin": [-22.5, 224, -22.5], "size": [45, 0, 45], "pivot": [0, -32, 0], "rotation": [0, 0, 90], "uv": [0, 0]},
						{"origin": [-22.5, -288, -22.5], "size": [45, 0, 45], "pivot": [0, -32, 0], "rotation": [0, 0, 90], "uv": [0, 0]}
					]
				}
			]
		}
	]
}