{
	"format_version": "1.12.0",
	"minecraft:geometry": [
		{
			"description": {
				"identifier": "geometry.markers.sphere_outer",
				"texture_width": 16,
				"texture_height": 16,
				"visible_bounds_width": 4096,
				"visible_bounds_height": 4096,
				"visible_bounds_offset": [0, 0, 0]
			},
			"bones": [
				{
					"name": "sphere_outer",
					"pivot": [0, 0, 0]
				},
				{
					"name": "1",
					"parent": "sphere_outer",
					"pivot": [0, 0, 0],
					"cubes": [
						{"origin": [-94, 712, -94], "size": [188, 0, 188], "uv": [0, 0]},
						{"origin": [-94, 712, -94], "size": [188, 0, 187], "pivot": [0, 0, 0], "rotation": [-15, 0, 0], "uv": [0, 0]},
						{"origin": [-94, 712, -94], "size": [188, 0, 187], "pivot": [0, 0, 0], "rotation": [-30, 0, 0], "uv": [0, 0]},
						{"origin": [-94, 712, -94], "size": [188, 0, 187], "pivot": [0, 0, 0], "rotation": [-45, 0, 0], "uv": [0, 0]},
						{"origin": [-94, 712, -94], "size": [188, 0, 187], "pivot": [0, 0, 0], "rotation": [-60, 0, 0], "uv": [0, 0]},
						{"origin": [-94, 712, -94], "size": [188, 0, 187], "pivot": [0, 0, 0], "rotation": [-75, 0, 0], "uv": [0, 0]},
						{"origin": [-94, 712, -94], "size": [188, 0, 187], "pivot": [0, 0, 0], "rotation": [-90, 0, 0], "uv": [0, 0]},
						{"origin": [-94, 712, -94], "size": [188, 0, 187], "pivot": [0, 0, 0], "rotation": [-105, 0, 0], "uv": [0, 0]},
						{"origin": [-94, 712, -94], "size": [188, 0, 187], "pivot": [0, 0, 0], "rotation": [-120, 0, 0], "uv": [0, 0]},
						{"origin": [-94, 712, -94], "size": [188, 0, 187], "pivot": [0, 0, 0], "rotation": [-135, 0, 0], "uv": [0, 0]},
						{"origin": [-94, 712, -94], "size": [188, 0, 187], "pivot": [0, 0, 0], "rotation": [-150, 0, 0], "uv": [0, 0]},
						{"origin": [-94, 712, -94], "size": [188, 0, 187], "pivot": [0, 0, 0], "rotation": [-165, 0, 0], "uv": [0, 0]},
						{"origin": [-94, 712, -94], "size": [188, 0, 187], "pivot": [0, 0, 0], "rotation": [180, 0, 0], "uv": [0, 0]},
						{"origin": [-94, 712, -94], "size": [188, 0, 187], "pivot": [0, 0, 0], "rotation": [165, 0, 0], "uv": [0, 0]},
						{"origin": [-94, 712, -94], "size": [188, 0, 187], "pivot": [0, 0, 0], "rotation": [150, 0, 0], "uv": [0, 0]},
						{"origin": [-94, 712, -94], "size": [188, 0, 187], "pivot": [0, 0, 0], "rotation": [135, 0, 0], "uv": [0, 0]},
						{"origin": [-94, 712, -94], "size": [188, 0, 187], "pivot": [0, 0, 0], "rotation": [120, 0, 0], "uv": [0, 0]},
						{"origin": [-94, 712, -94], "size": [188, 0, 187], "pivot": [0, 0, 0], "rotation": [105, 0, 0], "uv": [0, 0]},
						{"origin": [-94, 712, -94], "size": [188, 0, 187], "pivot": [0, 0, 0], "rotation": [90, 0, 0], "uv": [0, 0]},
						{"origin": [-94, 712, -94], "size": [188, 0, 187], "pivot": [0, 0, 0], "rotation": [75, 0, 0], "uv": [0, 0]},
						{"origin": [-94, 712, -94], "size": [188, 0, 187], "pivot": [0, 0, 0], "rotation": [60, 0, 0], "uv": [0, 0]},
						{"origin": [-94, 712, -94], "size": [188, 0, 187], "pivot": [0, 0, 0], "rotation": [45, 0, 0], "uv": [0, 0]},
						{"origin": [-94, 712, -94], "size": [188, 0, 187], "pivot": [0, 0, 0], "rotation": [30, 0, 0], "uv": [0, 0]},
						{"origin": [-94, 712, -94], "size": [188, 0, 187], "pivot": [0, 0, 0], "rotation": [15, 0, 0], "uv": [0, 0]}
					]
				},
				{
					"name": "2",
					"parent": "sphere_outer",
					"pivot": [0, 0, 0],
					"rotation": [0, -15, 0],
					"cubes": [
						{"origin": [-94, 712, -94], "size": [188, 0, 188], "uv": [0, 0]},
						{"origin": [-94, 712, -94], "size": [188, 0, 187], "pivot": [0, 0, 0], "rotation": [-15, 0, 0], "uv": [0, 0]},
						{"origin": [-94, 712, -94], "size": [188, 0, 187], "pivot": [0, 0, 0], "rotation": [-30, 0, 0], "uv": [0, 0]},
						{"origin": [-94, 712, -94], "size": [188, 0, 187], "pivot": [0, 0, 0], "rotation": [-45, 0, 0], "uv": [0, 0]},
						{"origin": [-94, 712, -94], "size": [188, 0, 187], "pivot": [0, 0, 0], "rotation": [-60, 0, 0], "uv": [0, 0]},
						{"origin": [-94, 712, -94], "size": [188, 0, 187], "pivot": [0, 0, 0], "rotation": [-75, 0, 0], "uv": [0, 0]},
						{"origin": [-94, 712, -94], "size": [188, 0, 187], "pivot": [0, 0, 0], "rotation": [-90, 0, 0], "uv": [0, 0]},
						{"origin": [-94, 712, -94], "size": [188, 0, 187], "pivot": [0, 0, 0], "rotation": [-105, 0, 0], "uv": [0, 0]},
						{"origin": [-94, 712, -94], "size": [188, 0, 187], "pivot": [0, 0, 0], "rotation": [-120, 0, 0], "uv": [0, 0]},
						{"origin": [-94, 712, -94], "size": [188, 0, 187], "pivot": [0, 0, 0], "rotation": [-135, 0, 0], "uv": [0, 0]},
						{"origin": [-94, 712, -94], "size": [188, 0, 187], "pivot": [0, 0, 0], "rotation": [-150, 0, 0], "uv": [0, 0]},
						{"origin": [-94, 712, -94], "size": [188, 0, 187], "pivot": [0, 0, 0], "rotation": [-165, 0, 0], "uv": [0, 0]},
						{"origin": [-94, 712, -94], "size": [188, 0, 187], "pivot": [0, 0, 0], "rotation": [180, 0, 0], "uv": [0, 0]},
						{"origin": [-94, 712, -94], "size": [188, 0, 187], "pivot": [0, 0, 0], "rotation": [165, 0, 0], "uv": [0, 0]},
						{"origin": [-94, 712, -94], "size": [188, 0, 187], "pivot": [0, 0, 0], "rotation": [150, 0, 0], "uv": [0, 0]},
						{"origin": [-94, 712, -94], "size": [188, 0, 187], "pivot": [0, 0, 0], "rotation": [135, 0, 0], "uv": [0, 0]},
						{"origin": [-94, 712, -94], "size": [188, 0, 187], "pivot": [0, 0, 0], "rotation": [120, 0, 0], "uv": [0, 0]},
						{"origin": [-94, 712, -94], "size": [188, 0, 187], "pivot": [0, 0, 0], "rotation": [105, 0, 0], "uv": [0, 0]},
						{"origin": [-94, 712, -94], "size": [188, 0, 187], "pivot": [0, 0, 0], "rotation": [90, 0, 0], "uv": [0, 0]},
						{"origin": [-94, 712, -94], "size": [188, 0, 187], "pivot": [0, 0, 0], "rotation": [75, 0, 0], "uv": [0, 0]},
						{"origin": [-94, 712, -94], "size": [188, 0, 187], "pivot": [0, 0, 0], "rotation": [60, 0, 0], "uv": [0, 0]},
						{"origin": [-94, 712, -94], "size": [188, 0, 187], "pivot": [0, 0, 0], "rotation": [45, 0, 0], "uv": [0, 0]},
						{"origin": [-94, 712, -94], "size": [188, 0, 187], "pivot": [0, 0, 0], "rotation": [30, 0, 0], "uv": [0, 0]},
						{"origin": [-94, 712, -94], "size": [188, 0, 187], "pivot": [0, 0, 0], "rotation": [15, 0, 0], "uv": [0, 0]}
					]
				},
				{
					"name": "3",
					"parent": "sphere_outer",
					"pivot": [0, 0, 0],
					"rotation": [0, -30, 0],
					"cubes": [
						{"origin": [-94, 712, -94], "size": [188, 0, 188], "uv": [0, 0]},
						{"origin": [-94, 712, -94], "size": [188, 0, 187], "pivot": [0, 0, 0], "rotation": [-15, 0, 0], "uv": [0, 0]},
						{"origin": [-94, 712, -94], "size": [188, 0, 187], "pivot": [0, 0, 0], "rotation": [-30, 0, 0], "uv": [0, 0]},
						{"origin": [-94, 712, -94], "size": [188, 0, 187], "pivot": [0, 0, 0], "rotation": [-45, 0, 0], "uv": [0, 0]},
						{"origin": [-94, 712, -94], "size": [188, 0, 187], "pivot": [0, 0, 0], "rotation": [-60, 0, 0], "uv": [0, 0]},
						{"origin": [-94, 712, -94], "size": [188, 0, 187], "pivot": [0, 0, 0], "rotation": [-75, 0, 0], "uv": [0, 0]},
						{"origin": [-94, 712, -94], "size": [188, 0, 187], "pivot": [0, 0, 0], "rotation": [-90, 0, 0], "uv": [0, 0]},
						{"origin": [-94, 712, -94], "size": [188, 0, 187], "pivot": [0, 0, 0], "rotation": [-105, 0, 0], "uv": [0, 0]},
						{"origin": [-94, 712, -94], "size": [188, 0, 187], "pivot": [0, 0, 0], "rotation": [-120, 0, 0], "uv": [0, 0]},
						{"origin": [-94, 712, -94], "size": [188, 0, 187], "pivot": [0, 0, 0], "rotation": [-135, 0, 0], "uv": [0, 0]},
						{"origin": [-94, 712, -94], "size": [188, 0, 187], "pivot": [0, 0, 0], "rotation": [-150, 0, 0], "uv": [0, 0]},
						{"origin": [-94, 712, -94], "size": [188, 0, 187], "pivot": [0, 0, 0], "rotation": [-165, 0, 0], "uv": [0, 0]},
						{"origin": [-94, 712, -94], "size": [188, 0, 187], "pivot": [0, 0, 0], "rotation": [180, 0, 0], "uv": [0, 0]},
						{"origin": [-94, 712, -94], "size": [188, 0, 187], "pivot": [0, 0, 0], "rotation": [165, 0, 0], "uv": [0, 0]},
						{"origin": [-94, 712, -94], "size": [188, 0, 187], "pivot": [0, 0, 0], "rotation": [150, 0, 0], "uv": [0, 0]},
						{"origin": [-94, 712, -94], "size": [188, 0, 187], "pivot": [0, 0, 0], "rotation": [135, 0, 0], "uv": [0, 0]},
						{"origin": [-94, 712, -94], "size": [188, 0, 187], "pivot": [0, 0, 0], "rotation": [120, 0, 0], "uv": [0, 0]},
						{"origin": [-94, 712, -94], "size": [188, 0, 187], "pivot": [0, 0, 0], "rotation": [105, 0, 0], "uv": [0, 0]},
						{"origin": [-94, 712, -94], "size": [188, 0, 187], "pivot": [0, 0, 0], "rotation": [90, 0, 0], "uv": [0, 0]},
						{"origin": [-94, 712, -94], "size": [188, 0, 187], "pivot": [0, 0, 0], "rotation": [75, 0, 0], "uv": [0, 0]},
						{"origin": [-94, 712, -94], "size": [188, 0, 187], "pivot": [0, 0, 0], "rotation": [60, 0, 0], "uv": [0, 0]},
						{"origin": [-94, 712, -94], "size": [188, 0, 187], "pivot": [0, 0, 0], "rotation": [45, 0, 0], "uv": [0, 0]},
						{"origin": [-94, 712, -94], "size": [188, 0, 187], "pivot": [0, 0, 0], "rotation": [30, 0, 0], "uv": [0, 0]},
						{"origin": [-94, 712, -94], "size": [188, 0, 187], "pivot": [0, 0, 0], "rotation": [15, 0, 0], "uv": [0, 0]}
					]
				},
				{
					"name": "4",
					"parent": "sphere_outer",
					"pivot": [0, 0, 0],
					"rotation": [0, -45, 0],
					"cubes": [
						{"origin": [-94, 712, -94], "size": [188, 0, 188], "uv": [0, 0]},
						{"origin": [-94, 712, -94], "size": [188, 0, 187], "pivot": [0, 0, 0], "rotation": [-15, 0, 0], "uv": [0, 0]},
						{"origin": [-94, 712, -94], "size": [188, 0, 187], "pivot": [0, 0, 0], "rotation": [-30, 0, 0], "uv": [0, 0]},
						{"origin": [-94, 712, -94], "size": [188, 0, 187], "pivot": [0, 0, 0], "rotation": [-45, 0, 0], "uv": [0, 0]},
						{"origin": [-94, 712, -94], "size": [188, 0, 187], "pivot": [0, 0, 0], "rotation": [-60, 0, 0], "uv": [0, 0]},
						{"origin": [-94, 712, -94], "size": [188, 0, 187], "pivot": [0, 0, 0], "rotation": [-75, 0, 0], "uv": [0, 0]},
						{"origin": [-94, 712, -94], "size": [188, 0, 187], "pivot": [0, 0, 0], "rotation": [-90, 0, 0], "uv": [0, 0]},
						{"origin": [-94, 712, -94], "size": [188, 0, 187], "pivot": [0, 0, 0], "rotation": [-105, 0, 0], "uv": [0, 0]},
						{"origin": [-94, 712, -94], "size": [188, 0, 187], "pivot": [0, 0, 0], "rotation": [-120, 0, 0], "uv": [0, 0]},
						{"origin": [-94, 712, -94], "size": [188, 0, 187], "pivot": [0, 0, 0], "rotation": [-135, 0, 0], "uv": [0, 0]},
						{"origin": [-94, 712, -94], "size": [188, 0, 187], "pivot": [0, 0, 0], "rotation": [-150, 0, 0], "uv": [0, 0]},
						{"origin": [-94, 712, -94], "size": [188, 0, 187], "pivot": [0, 0, 0], "rotation": [-165, 0, 0], "uv": [0, 0]},
						{"origin": [-94, 712, -94], "size": [188, 0, 187], "pivot": [0, 0, 0], "rotation": [180, 0, 0], "uv": [0, 0]},
						{"origin": [-94, 712, -94], "size": [188, 0, 187], "pivot": [0, 0, 0], "rotation": [165, 0, 0], "uv": [0, 0]},
						{"origin": [-94, 712, -94], "size": [188, 0, 187], "pivot": [0, 0, 0], "rotation": [150, 0, 0], "uv": [0, 0]},
						{"origin": [-94, 712, -94], "size": [188, 0, 187], "pivot": [0, 0, 0], "rotation": [135, 0, 0], "uv": [0, 0]},
						{"origin": [-94, 712, -94], "size": [188, 0, 187], "pivot": [0, 0, 0], "rotation": [120, 0, 0], "uv": [0, 0]},
						{"origin": [-94, 712, -94], "size": [188, 0, 187], "pivot": [0, 0, 0], "rotation": [105, 0, 0], "uv": [0, 0]},
						{"origin": [-94, 712, -94], "size": [188, 0, 187], "pivot": [0, 0, 0], "rotation": [90, 0, 0], "uv": [0, 0]},
						{"origin": [-94, 712, -94], "size": [188, 0, 187], "pivot": [0, 0, 0], "rotation": [75, 0, 0], "uv": [0, 0]},
						{"origin": [-94, 712, -94], "size": [188, 0, 187], "pivot": [0, 0, 0], "rotation": [60, 0, 0], "uv": [0, 0]},
						{"origin": [-94, 712, -94], "size": [188, 0, 187], "pivot": [0, 0, 0], "rotation": [45, 0, 0], "uv": [0, 0]},
						{"origin": [-94, 712, -94], "size": [188, 0, 187], "pivot": [0, 0, 0], "rotation": [30, 0, 0], "uv": [0, 0]},
						{"origin": [-94, 712, -94], "size": [188, 0, 187], "pivot": [0, 0, 0], "rotation": [15, 0, 0], "uv": [0, 0]}
					]
				},
				{
					"name": "5",
					"parent": "sphere_outer",
					"pivot": [0, 0, 0],
					"rotation": [0, -60, 0],
					"cubes": [
						{"origin": [-94, 712, -94], "size": [188, 0, 188], "uv": [0, 0]},
						{"origin": [-94, 712, -94], "size": [188, 0, 187], "pivot": [0, 0, 0], "rotation": [-15, 0, 0], "uv": [0, 0]},
						{"origin": [-94, 712, -94], "size": [188, 0, 187], "pivot": [0, 0, 0], "rotation": [-30, 0, 0], "uv": [0, 0]},
						{"origin": [-94, 712, -94], "size": [188, 0, 187], "pivot": [0, 0, 0], "rotation": [-45, 0, 0], "uv": [0, 0]},
						{"origin": [-94, 712, -94], "size": [188, 0, 187], "pivot": [0, 0, 0], "rotation": [-60, 0, 0], "uv": [0, 0]},
						{"origin": [-94, 712, -94], "size": [188, 0, 187], "pivot": [0, 0, 0], "rotation": [-75, 0, 0], "uv": [0, 0]},
						{"origin": [-94, 712, -94], "size": [188, 0, 187], "pivot": [0, 0, 0], "rotation": [-90, 0, 0], "uv": [0, 0]},
						{"origin": [-94, 712, -94], "size": [188, 0, 187], "pivot": [0, 0, 0], "rotation": [-105, 0, 0], "uv": [0, 0]},
						{"origin": [-94, 712, -94], "size": [188, 0, 187], "pivot": [0, 0, 0], "rotation": [-120, 0, 0], "uv": [0, 0]},
						{"origin": [-94, 712, -94], "size": [188, 0, 187], "pivot": [0, 0, 0], "rotation": [-135, 0, 0], "uv": [0, 0]},
						{"origin": [-94, 712, -94], "size": [188, 0, 187], "pivot": [0, 0, 0], "rotation": [-150, 0, 0], "uv": [0, 0]},
						{"origin": [-94, 712, -94], "size": [188, 0, 187], "pivot": [0, 0, 0], "rotation": [-165, 0, 0], "uv": [0, 0]},
						{"origin": [-94, 712, -94], "size": [188, 0, 187], "pivot": [0, 0, 0], "rotation": [180, 0, 0], "uv": [0, 0]},
						{"origin": [-94, 712, -94], "size": [188, 0, 187], "pivot": [0, 0, 0], "rotation": [165, 0, 0], "uv": [0, 0]},
						{"origin": [-94, 712, -94], "size": [188, 0, 187], "pivot": [0, 0, 0], "rotation": [150, 0, 0], "uv": [0, 0]},
						{"origin": [-94, 712, -94], "size": [188, 0, 187], "pivot": [0, 0, 0], "rotation": [135, 0, 0], "uv": [0, 0]},
						{"origin": [-94, 712, -94], "size": [188, 0, 187], "pivot": [0, 0, 0], "rotation": [120, 0, 0], "uv": [0, 0]},
						{"origin": [-94, 712, -94], "size": [188, 0, 187], "pivot": [0, 0, 0], "rotation": [105, 0, 0], "uv": [0, 0]},
						{"origin": [-94, 712, -94], "size": [188, 0, 187], "pivot": [0, 0, 0], "rotation": [90, 0, 0], "uv": [0, 0]},
						{"origin": [-94, 712, -94], "size": [188, 0, 187], "pivot": [0, 0, 0], "rotation": [75, 0, 0], "uv": [0, 0]},
						{"origin": [-94, 712, -94], "size": [188, 0, 187], "pivot": [0, 0, 0], "rotation": [60, 0, 0], "uv": [0, 0]},
						{"origin": [-94, 712, -94], "size": [188, 0, 187], "pivot": [0, 0, 0], "rotation": [45, 0, 0], "uv": [0, 0]},
						{"origin": [-94, 712, -94], "size": [188, 0, 187], "pivot": [0, 0, 0], "rotation": [30, 0, 0], "uv": [0, 0]},
						{"origin": [-94, 712, -94], "size": [188, 0, 187], "pivot": [0, 0, 0], "rotation": [15, 0, 0], "uv": [0, 0]}
					]
				},
				{
					"name": "6",
					"parent": "sphere_outer",
					"pivot": [0, 0, 0],
					"rotation": [0, -75, 0],
					"cubes": [
						{"origin": [-94, 712, -94], "size": [188, 0, 188], "uv": [0, 0]},
						{"origin": [-94, 712, -94], "size": [188, 0, 187], "pivot": [0, 0, 0], "rotation": [-15, 0, 0], "uv": [0, 0]},
						{"origin": [-94, 712, -94], "size": [188, 0, 187], "pivot": [0, 0, 0], "rotation": [-30, 0, 0], "uv": [0, 0]},
						{"origin": [-94, 712, -94], "size": [188, 0, 187], "pivot": [0, 0, 0], "rotation": [-45, 0, 0], "uv": [0, 0]},
						{"origin": [-94, 712, -94], "size": [188, 0, 187], "pivot": [0, 0, 0], "rotation": [-60, 0, 0], "uv": [0, 0]},
						{"origin": [-94, 712, -94], "size": [188, 0, 187], "pivot": [0, 0, 0], "rotation": [-75, 0, 0], "uv": [0, 0]},
						{"origin": [-94, 712, -94], "size": [188, 0, 187], "pivot": [0, 0, 0], "rotation": [-90, 0, 0], "uv": [0, 0]},
						{"origin": [-94, 712, -94], "size": [188, 0, 187], "pivot": [0, 0, 0], "rotation": [-105, 0, 0], "uv": [0, 0]},
						{"origin": [-94, 712, -94], "size": [188, 0, 187], "pivot": [0, 0, 0], "rotation": [-120, 0, 0], "uv": [0, 0]},
						{"origin": [-94, 712, -94], "size": [188, 0, 187], "pivot": [0, 0, 0], "rotation": [-135, 0, 0], "uv": [0, 0]},
						{"origin": [-94, 712, -94], "size": [188, 0, 187], "pivot": [0, 0, 0], "rotation": [-150, 0, 0], "uv": [0, 0]},
						{"origin": [-94, 712, -94], "size": [188, 0, 187], "pivot": [0, 0, 0], "rotation": [-165, 0, 0], "uv": [0, 0]},
						{"origin": [-94, 712, -94], "size": [188, 0, 187], "pivot": [0, 0, 0], "rotation": [180, 0, 0], "uv": [0, 0]},
						{"origin": [-94, 712, -94], "size": [188, 0, 187], "pivot": [0, 0, 0], "rotation": [165, 0, 0], "uv": [0, 0]},
						{"origin": [-94, 712, -94], "size": [188, 0, 187], "pivot": [0, 0, 0], "rotation": [150, 0, 0], "uv": [0, 0]},
						{"origin": [-94, 712, -94], "size": [188, 0, 187], "pivot": [0, 0, 0], "rotation": [135, 0, 0], "uv": [0, 0]},
						{"origin": [-94, 712, -94], "size": [188, 0, 187], "pivot": [0, 0, 0], "rotation": [120, 0, 0], "uv": [0, 0]},
						{"origin": [-94, 712, -94], "size": [188, 0, 187], "pivot": [0, 0, 0], "rotation": [105, 0, 0], "uv": [0, 0]},
						{"origin": [-94, 712, -94], "size": [188, 0, 187], "pivot": [0, 0, 0], "rotation": [90, 0, 0], "uv": [0, 0]},
						{"origin": [-94, 712, -94], "size": [188, 0, 187], "pivot": [0, 0, 0], "rotation": [75, 0, 0], "uv": [0, 0]},
						{"origin": [-94, 712, -94], "size": [188, 0, 187], "pivot": [0, 0, 0], "rotation": [60, 0, 0], "uv": [0, 0]},
						{"origin": [-94, 712, -94], "size": [188, 0, 187], "pivot": [0, 0, 0], "rotation": [45, 0, 0], "uv": [0, 0]},
						{"origin": [-94, 712, -94], "size": [188, 0, 187], "pivot": [0, 0, 0], "rotation": [30, 0, 0], "uv": [0, 0]},
						{"origin": [-94, 712, -94], "size": [188, 0, 187], "pivot": [0, 0, 0], "rotation": [15, 0, 0], "uv": [0, 0]}
					]
				},
				{
					"name": "7",
					"parent": "sphere_outer",
					"pivot": [0, 0, 0],
					"rotation": [0, -90, 0],
					"cubes": [
						{"origin": [-94, 712, -94], "size": [188, 0, 188], "uv": [0, 0]},
						{"origin": [-94, 712, -94], "size": [188, 0, 187], "pivot": [0, 0, 0], "rotation": [-15, 0, 0], "uv": [0, 0]},
						{"origin": [-94, 712, -94], "size": [188, 0, 187], "pivot": [0, 0, 0], "rotation": [-30, 0, 0], "uv": [0, 0]},
						{"origin": [-94, 712, -94], "size": [188, 0, 187], "pivot": [0, 0, 0], "rotation": [-45, 0, 0], "uv": [0, 0]},
						{"origin": [-94, 712, -94], "size": [188, 0, 187], "pivot": [0, 0, 0], "rotation": [-60, 0, 0], "uv": [0, 0]},
						{"origin": [-94, 712, -94], "size": [188, 0, 187], "pivot": [0, 0, 0], "rotation": [-75, 0, 0], "uv": [0, 0]},
						{"origin": [-94, 712, -94], "size": [188, 0, 187], "pivot": [0, 0, 0], "rotation": [-90, 0, 0], "uv": [0, 0]},
						{"origin": [-94, 712, -94], "size": [188, 0, 187], "pivot": [0, 0, 0], "rotation": [-105, 0, 0], "uv": [0, 0]},
						{"origin": [-94, 712, -94], "size": [188, 0, 187], "pivot": [0, 0, 0], "rotation": [-120, 0, 0], "uv": [0, 0]},
						{"origin": [-94, 712, -94], "size": [188, 0, 187], "pivot": [0, 0, 0], "rotation": [-135, 0, 0], "uv": [0, 0]},
						{"origin": [-94, 712, -94], "size": [188, 0, 187], "pivot": [0, 0, 0], "rotation": [-150, 0, 0], "uv": [0, 0]},
						{"origin": [-94, 712, -94], "size": [188, 0, 187], "pivot": [0, 0, 0], "rotation": [-165, 0, 0], "uv": [0, 0]},
						{"origin": [-94, 712, -94], "size": [188, 0, 187], "pivot": [0, 0, 0], "rotation": [180, 0, 0], "uv": [0, 0]},
						{"origin": [-94, 712, -94], "size": [188, 0, 187], "pivot": [0, 0, 0], "rotation": [165, 0, 0], "uv": [0, 0]},
						{"origin": [-94, 712, -94], "size": [188, 0, 187], "pivot": [0, 0, 0], "rotation": [150, 0, 0], "uv": [0, 0]},
						{"origin": [-94, 712, -94], "size": [188, 0, 187], "pivot": [0, 0, 0], "rotation": [135, 0, 0], "uv": [0, 0]},
						{"origin": [-94, 712, -94], "size": [188, 0, 187], "pivot": [0, 0, 0], "rotation": [120, 0, 0], "uv": [0, 0]},
						{"origin": [-94, 712, -94], "size": [188, 0, 187], "pivot": [0, 0, 0], "rotation": [105, 0, 0], "uv": [0, 0]},
						{"origin": [-94, 712, -94], "size": [188, 0, 187], "pivot": [0, 0, 0], "rotation": [90, 0, 0], "uv": [0, 0]},
						{"origin": [-94, 712, -94], "size": [188, 0, 187], "pivot": [0, 0, 0], "rotation": [75, 0, 0], "uv": [0, 0]},
						{"origin": [-94, 712, -94], "size": [188, 0, 187], "pivot": [0, 0, 0], "rotation": [60, 0, 0], "uv": [0, 0]},
						{"origin": [-94, 712, -94], "size": [188, 0, 187], "pivot": [0, 0, 0], "rotation": [45, 0, 0], "uv": [0, 0]},
						{"origin": [-94, 712, -94], "size": [188, 0, 187], "pivot": [0, 0, 0], "rotation": [30, 0, 0], "uv": [0, 0]},
						{"origin": [-94, 712, -94], "size": [188, 0, 187], "pivot": [0, 0, 0], "rotation": [15, 0, 0], "uv": [0, 0]}
					]
				},
				{
					"name": "8",
					"parent": "sphere_outer",
					"pivot": [0, 0, 0],
					"rotation": [0, -105, 0],
					"cubes": [
						{"origin": [-94, 712, -94], "size": [188, 0, 188], "uv": [0, 0]},
						{"origin": [-94, 712, -94], "size": [188, 0, 187], "pivot": [0, 0, 0], "rotation": [-15, 0, 0], "uv": [0, 0]},
						{"origin": [-94, 712, -94], "size": [188, 0, 187], "pivot": [0, 0, 0], "rotation": [-30, 0, 0], "uv": [0, 0]},
						{"origin": [-94, 712, -94], "size": [188, 0, 187], "pivot": [0, 0, 0], "rotation": [-45, 0, 0], "uv": [0, 0]},
						{"origin": [-94, 712, -94], "size": [188, 0, 187], "pivot": [0, 0, 0], "rotation": [-60, 0, 0], "uv": [0, 0]},
						{"origin": [-94, 712, -94], "size": [188, 0, 187], "pivot": [0, 0, 0], "rotation": [-75, 0, 0], "uv": [0, 0]},
						{"origin": [-94, 712, -94], "size": [188, 0, 187], "pivot": [0, 0, 0], "rotation": [-90, 0, 0], "uv": [0, 0]},
						{"origin": [-94, 712, -94], "size": [188, 0, 187], "pivot": [0, 0, 0], "rotation": [-105, 0, 0], "uv": [0, 0]},
						{"origin": [-94, 712, -94], "size": [188, 0, 187], "pivot": [0, 0, 0], "rotation": [-120, 0, 0], "uv": [0, 0]},
						{"origin": [-94, 712, -94], "size": [188, 0, 187], "pivot": [0, 0, 0], "rotation": [-135, 0, 0], "uv": [0, 0]},
						{"origin": [-94, 712, -94], "size": [188, 0, 187], "pivot": [0, 0, 0], "rotation": [-150, 0, 0], "uv": [0, 0]},
						{"origin": [-94, 712, -94], "size": [188, 0, 187], "pivot": [0, 0, 0], "rotation": [-165, 0, 0], "uv": [0, 0]},
						{"origin": [-94, 712, -94], "size": [188, 0, 187], "pivot": [0, 0, 0], "rotation": [180, 0, 0], "uv": [0, 0]},
						{"origin": [-94, 712, -94], "size": [188, 0, 187], "pivot": [0, 0, 0], "rotation": [165, 0, 0], "uv": [0, 0]},
						{"origin": [-94, 712, -94], "size": [188, 0, 187], "pivot": [0, 0, 0], "rotation": [150, 0, 0], "uv": [0, 0]},
						{"origin": [-94, 712, -94], "size": [188, 0, 187], "pivot": [0, 0, 0], "rotation": [135, 0, 0], "uv": [0, 0]},
						{"origin": [-94, 712, -94], "size": [188, 0, 187], "pivot": [0, 0, 0], "rotation": [120, 0, 0], "uv": [0, 0]},
						{"origin": [-94, 712, -94], "size": [188, 0, 187], "pivot": [0, 0, 0], "rotation": [105, 0, 0], "uv": [0, 0]},
						{"origin": [-94, 712, -94], "size": [188, 0, 187], "pivot": [0, 0, 0], "rotation": [90, 0, 0], "uv": [0, 0]},
						{"origin": [-94, 712, -94], "size": [188, 0, 187], "pivot": [0, 0, 0], "rotation": [75, 0, 0], "uv": [0, 0]},
						{"origin": [-94, 712, -94], "size": [188, 0, 187], "pivot": [0, 0, 0], "rotation": [60, 0, 0], "uv": [0, 0]},
						{"origin": [-94, 712, -94], "size": [188, 0, 187], "pivot": [0, 0, 0], "rotation": [45, 0, 0], "uv": [0, 0]},
						{"origin": [-94, 712, -94], "size": [188, 0, 187], "pivot": [0, 0, 0], "rotation": [30, 0, 0], "uv": [0, 0]},
						{"origin": [-94, 712, -94], "size": [188, 0, 187], "pivot": [0, 0, 0], "rotation": [15, 0, 0], "uv": [0, 0]}
					]
				},
				{
					"name": "9",
					"parent": "sphere_outer",
					"pivot": [0, 0, 0],
					"rotation": [0, -120, 0],
					"cubes": [
						{"origin": [-94, 712, -94], "size": [188, 0, 188], "uv": [0, 0]},
						{"origin": [-94, 712, -94], "size": [188, 0, 187], "pivot": [0, 0, 0], "rotation": [-15, 0, 0], "uv": [0, 0]},
						{"origin": [-94, 712, -94], "size": [188, 0, 187], "pivot": [0, 0, 0], "rotation": [-30, 0, 0], "uv": [0, 0]},
						{"origin": [-94, 712, -94], "size": [188, 0, 187], "pivot": [0, 0, 0], "rotation": [-45, 0, 0], "uv": [0, 0]},
						{"origin": [-94, 712, -94], "size": [188, 0, 187], "pivot": [0, 0, 0], "rotation": [-60, 0, 0], "uv": [0, 0]},
						{"origin": [-94, 712, -94], "size": [188, 0, 187], "pivot": [0, 0, 0], "rotation": [-75, 0, 0], "uv": [0, 0]},
						{"origin": [-94, 712, -94], "size": [188, 0, 187], "pivot": [0, 0, 0], "rotation": [-90, 0, 0], "uv": [0, 0]},
						{"origin": [-94, 712, -94], "size": [188, 0, 187], "pivot": [0, 0, 0], "rotation": [-105, 0, 0], "uv": [0, 0]},
						{"origin": [-94, 712, -94], "size": [188, 0, 187], "pivot": [0, 0, 0], "rotation": [-120, 0, 0], "uv": [0, 0]},
						{"origin": [-94, 712, -94], "size": [188, 0, 187], "pivot": [0, 0, 0], "rotation": [-135, 0, 0], "uv": [0, 0]},
						{"origin": [-94, 712, -94], "size": [188, 0, 187], "pivot": [0, 0, 0], "rotation": [-150, 0, 0], "uv": [0, 0]},
						{"origin": [-94, 712, -94], "size": [188, 0, 187], "pivot": [0, 0, 0], "rotation": [-165, 0, 0], "uv": [0, 0]},
						{"origin": [-94, 712, -94], "size": [188, 0, 187], "pivot": [0, 0, 0], "rotation": [180, 0, 0], "uv": [0, 0]},
						{"origin": [-94, 712, -94], "size": [188, 0, 187], "pivot": [0, 0, 0], "rotation": [165, 0, 0], "uv": [0, 0]},
						{"origin": [-94, 712, -94], "size": [188, 0, 187], "pivot": [0, 0, 0], "rotation": [150, 0, 0], "uv": [0, 0]},
						{"origin": [-94, 712, -94], "size": [188, 0, 187], "pivot": [0, 0, 0], "rotation": [135, 0, 0], "uv": [0, 0]},
						{"origin": [-94, 712, -94], "size": [188, 0, 187], "pivot": [0, 0, 0], "rotation": [120, 0, 0], "uv": [0, 0]},
						{"origin": [-94, 712, -94], "size": [188, 0, 187], "pivot": [0, 0, 0], "rotation": [105, 0, 0], "uv": [0, 0]},
						{"origin": [-94, 712, -94], "size": [188, 0, 187], "pivot": [0, 0, 0], "rotation": [90, 0, 0], "uv": [0, 0]},
						{"origin": [-94, 712, -94], "size": [188, 0, 187], "pivot": [0, 0, 0], "rotation": [75, 0, 0], "uv": [0, 0]},
						{"origin": [-94, 712, -94], "size": [188, 0, 187], "pivot": [0, 0, 0], "rotation": [60, 0, 0], "uv": [0, 0]},
						{"origin": [-94, 712, -94], "size": [188, 0, 187], "pivot": [0, 0, 0], "rotation": [45, 0, 0], "uv": [0, 0]},
						{"origin": [-94, 712, -94], "size": [188, 0, 187], "pivot": [0, 0, 0], "rotation": [30, 0, 0], "uv": [0, 0]},
						{"origin": [-94, 712, -94], "size": [188, 0, 187], "pivot": [0, 0, 0], "rotation": [15, 0, 0], "uv": [0, 0]}
					]
				},
				{
					"name": "10",
					"parent": "sphere_outer",
					"pivot": [0, 0, 0],
					"rotation": [0, -135, 0],
					"cubes": [
						{"origin": [-94, 712, -94], "size": [188, 0, 188], "uv": [0, 0]},
						{"origin": [-94, 712, -94], "size": [188, 0, 187], "pivot": [0, 0, 0], "rotation": [-15, 0, 0], "uv": [0, 0]},
						{"origin": [-94, 712, -94], "size": [188, 0, 187], "pivot": [0, 0, 0], "rotation": [-30, 0, 0], "uv": [0, 0]},
						{"origin": [-94, 712, -94], "size": [188, 0, 187], "pivot": [0, 0, 0], "rotation": [-45, 0, 0], "uv": [0, 0]},
						{"origin": [-94, 712, -94], "size": [188, 0, 187], "pivot": [0, 0, 0], "rotation": [-60, 0, 0], "uv": [0, 0]},
						{"origin": [-94, 712, -94], "size": [188, 0, 187], "pivot": [0, 0, 0], "rotation": [-75, 0, 0], "uv": [0, 0]},
						{"origin": [-94, 712, -94], "size": [188, 0, 187], "pivot": [0, 0, 0], "rotation": [-90, 0, 0], "uv": [0, 0]},
						{"origin": [-94, 712, -94], "size": [188, 0, 187], "pivot": [0, 0, 0], "rotation": [-105, 0, 0], "uv": [0, 0]},
						{"origin": [-94, 712, -94], "size": [188, 0, 187], "pivot": [0, 0, 0], "rotation": [-120, 0, 0], "uv": [0, 0]},
						{"origin": [-94, 712, -94], "size": [188, 0, 187], "pivot": [0, 0, 0], "rotation": [-135, 0, 0], "uv": [0, 0]},
						{"origin": [-94, 712, -94], "size": [188, 0, 187], "pivot": [0, 0, 0], "rotation": [-150, 0, 0], "uv": [0, 0]},
						{"origin": [-94, 712, -94], "size": [188, 0, 187], "pivot": [0, 0, 0], "rotation": [-165, 0, 0], "uv": [0, 0]},
						{"origin": [-94, 712, -94], "size": [188, 0, 187], "pivot": [0, 0, 0], "rotation": [180, 0, 0], "uv": [0, 0]},
						{"origin": [-94, 712, -94], "size": [188, 0, 187], "pivot": [0, 0, 0], "rotation": [165, 0, 0], "uv": [0, 0]},
						{"origin": [-94, 712, -94], "size": [188, 0, 187], "pivot": [0, 0, 0], "rotation": [150, 0, 0], "uv": [0, 0]},
						{"origin": [-94, 712, -94], "size": [188, 0, 187], "pivot": [0, 0, 0], "rotation": [135, 0, 0], "uv": [0, 0]},
						{"origin": [-94, 712, -94], "size": [188, 0, 187], "pivot": [0, 0, 0], "rotation": [120, 0, 0], "uv": [0, 0]},
						{"origin": [-94, 712, -94], "size": [188, 0, 187], "pivot": [0, 0, 0], "rotation": [105, 0, 0], "uv": [0, 0]},
						{"origin": [-94, 712, -94], "size": [188, 0, 187], "pivot": [0, 0, 0], "rotation": [90, 0, 0], "uv": [0, 0]},
						{"origin": [-94, 712, -94], "size": [188, 0, 187], "pivot": [0, 0, 0], "rotation": [75, 0, 0], "uv": [0, 0]},
						{"origin": [-94, 712, -94], "size": [188, 0, 187], "pivot": [0, 0, 0], "rotation": [60, 0, 0], "uv": [0, 0]},
						{"origin": [-94, 712, -94], "size": [188, 0, 187], "pivot": [0, 0, 0], "rotation": [45, 0, 0], "uv": [0, 0]},
						{"origin": [-94, 712, -94], "size": [188, 0, 187], "pivot": [0, 0, 0], "rotation": [30, 0, 0], "uv": [0, 0]},
						{"origin": [-94, 712, -94], "size": [188, 0, 187], "pivot": [0, 0, 0], "rotation": [15, 0, 0], "uv": [0, 0]}
					]
				},
				{
					"name": "11",
					"parent": "sphere_outer",
					"pivot": [0, 0, 0],
					"rotation": [0, -150, 0],
					"cubes": [
						{"origin": [-94, 712, -94], "size": [188, 0, 188], "uv": [0, 0]},
						{"origin": [-94, 712, -94], "size": [188, 0, 187], "pivot": [0, 0, 0], "rotation": [-15, 0, 0], "uv": [0, 0]},
						{"origin": [-94, 712, -94], "size": [188, 0, 187], "pivot": [0, 0, 0], "rotation": [-30, 0, 0], "uv": [0, 0]},
						{"origin": [-94, 712, -94], "size": [188, 0, 187], "pivot": [0, 0, 0], "rotation": [-45, 0, 0], "uv": [0, 0]},
						{"origin": [-94, 712, -94], "size": [188, 0, 187], "pivot": [0, 0, 0], "rotation": [-60, 0, 0], "uv": [0, 0]},
						{"origin": [-94, 712, -94], "size": [188, 0, 187], "pivot": [0, 0, 0], "rotation": [-75, 0, 0], "uv": [0, 0]},
						{"origin": [-94, 712, -94], "size": [188, 0, 187], "pivot": [0, 0, 0], "rotation": [-90, 0, 0], "uv": [0, 0]},
						{"origin": [-94, 712, -94], "size": [188, 0, 187], "pivot": [0, 0, 0], "rotation": [-105, 0, 0], "uv": [0, 0]},
						{"origin": [-94, 712, -94], "size": [188, 0, 187], "pivot": [0, 0, 0], "rotation": [-120, 0, 0], "uv": [0, 0]},
						{"origin": [-94, 712, -94], "size": [188, 0, 187], "pivot": [0, 0, 0], "rotation": [-135, 0, 0], "uv": [0, 0]},
						{"origin": [-94, 712, -94], "size": [188, 0, 187], "pivot": [0, 0, 0], "rotation": [-150, 0, 0], "uv": [0, 0]},
						{"origin": [-94, 712, -94], "size": [188, 0, 187], "pivot": [0, 0, 0], "rotation": [-165, 0, 0], "uv": [0, 0]},
						{"origin": [-94, 712, -94], "size": [188, 0, 187], "pivot": [0, 0, 0], "rotation": [180, 0, 0], "uv": [0, 0]},
						{"origin": [-94, 712, -94], "size": [188, 0, 187], "pivot": [0, 0, 0], "rotation": [165, 0, 0], "uv": [0, 0]},
						{"origin": [-94, 712, -94], "size": [188, 0, 187], "pivot": [0, 0, 0], "rotation": [150, 0, 0], "uv": [0, 0]},
						{"origin": [-94, 712, -94], "size": [188, 0, 187], "pivot": [0, 0, 0], "rotation": [135, 0, 0], "uv": [0, 0]},
						{"origin": [-94, 712, -94], "size": [188, 0, 187], "pivot": [0, 0, 0], "rotation": [120, 0, 0], "uv": [0, 0]},
						{"origin": [-94, 712, -94], "size": [188, 0, 187], "pivot": [0, 0, 0], "rotation": [105, 0, 0], "uv": [0, 0]},
						{"origin": [-94, 712, -94], "size": [188, 0, 187], "pivot": [0, 0, 0], "rotation": [90, 0, 0], "uv": [0, 0]},
						{"origin": [-94, 712, -94], "size": [188, 0, 187], "pivot": [0, 0, 0], "rotation": [75, 0, 0], "uv": [0, 0]},
						{"origin": [-94, 712, -94], "size": [188, 0, 187], "pivot": [0, 0, 0], "rotation": [60, 0, 0], "uv": [0, 0]},
						{"origin": [-94, 712, -94], "size": [188, 0, 187], "pivot": [0, 0, 0], "rotation": [45, 0, 0], "uv": [0, 0]},
						{"origin": [-94, 712, -94], "size": [188, 0, 187], "pivot": [0, 0, 0], "rotation": [30, 0, 0], "uv": [0, 0]},
						{"origin": [-94, 712, -94], "size": [188, 0, 187], "pivot": [0, 0, 0], "rotation": [15, 0, 0], "uv": [0, 0]}
					]
				},
				{
					"name": "12",
					"parent": "sphere_outer",
					"pivot": [0, 0, 0],
					"rotation": [0, -165, 0],
					"cubes": [
						{"origin": [-94, 712, -94], "size": [188, 0, 188], "uv": [0, 0]},
						{"origin": [-94, 712, -94], "size": [188, 0, 187], "pivot": [0, 0, 0], "rotation": [-15, 0, 0], "uv": [0, 0]},
						{"origin": [-94, 712, -94], "size": [188, 0, 187], "pivot": [0, 0, 0], "rotation": [-30, 0, 0], "uv": [0, 0]},
						{"origin": [-94, 712, -94], "size": [188, 0, 187], "pivot": [0, 0, 0], "rotation": [-45, 0, 0], "uv": [0, 0]},
						{"origin": [-94, 712, -94], "size": [188, 0, 187], "pivot": [0, 0, 0], "rotation": [-60, 0, 0], "uv": [0, 0]},
						{"origin": [-94, 712, -94], "size": [188, 0, 187], "pivot": [0, 0, 0], "rotation": [-75, 0, 0], "uv": [0, 0]},
						{"origin": [-94, 712, -94], "size": [188, 0, 187], "pivot": [0, 0, 0], "rotation": [-90, 0, 0], "uv": [0, 0]},
						{"origin": [-94, 712, -94], "size": [188, 0, 187], "pivot": [0, 0, 0], "rotation": [-105, 0, 0], "uv": [0, 0]},
						{"origin": [-94, 712, -94], "size": [188, 0, 187], "pivot": [0, 0, 0], "rotation": [-120, 0, 0], "uv": [0, 0]},
						{"origin": [-94, 712, -94], "size": [188, 0, 187], "pivot": [0, 0, 0], "rotation": [-135, 0, 0], "uv": [0, 0]},
						{"origin": [-94, 712, -94], "size": [188, 0, 187], "pivot": [0, 0, 0], "rotation": [-150, 0, 0], "uv": [0, 0]},
						{"origin": [-94, 712, -94], "size": [188, 0, 187], "pivot": [0, 0, 0], "rotation": [-165, 0, 0], "uv": [0, 0]},
						{"origin": [-94, 712, -94], "size": [188, 0, 187], "pivot": [0, 0, 0], "rotation": [180, 0, 0], "uv": [0, 0]},
						{"origin": [-94, 712, -94], "size": [188, 0, 187], "pivot": [0, 0, 0], "rotation": [165, 0, 0], "uv": [0, 0]},
						{"origin": [-94, 712, -94], "size": [188, 0, 187], "pivot": [0, 0, 0], "rotation": [150, 0, 0], "uv": [0, 0]},
						{"origin": [-94, 712, -94], "size": [188, 0, 187], "pivot": [0, 0, 0], "rotation": [135, 0, 0], "uv": [0, 0]},
						{"origin": [-94, 712, -94], "size": [188, 0, 187], "pivot": [0, 0, 0], "rotation": [120, 0, 0], "uv": [0, 0]},
						{"origin": [-94, 712, -94], "size": [188, 0, 187], "pivot": [0, 0, 0], "rotation": [105, 0, 0], "uv": [0, 0]},
						{"origin": [-94, 712, -94], "size": [188, 0, 187], "pivot": [0, 0, 0], "rotation": [90, 0, 0], "uv": [0, 0]},
						{"origin": [-94, 712, -94], "size": [188, 0, 187], "pivot": [0, 0, 0], "rotation": [75, 0, 0], "uv": [0, 0]},
						{"origin": [-94, 712, -94], "size": [188, 0, 187], "pivot": [0, 0, 0], "rotation": [60, 0, 0], "uv": [0, 0]},
						{"origin": [-94, 712, -94], "size": [188, 0, 187], "pivot": [0, 0, 0], "rotation": [45, 0, 0], "uv": [0, 0]},
						{"origin": [-94, 712, -94], "size": [188, 0, 187], "pivot": [0, 0, 0], "rotation": [30, 0, 0], "uv": [0, 0]},
						{"origin": [-94, 712, -94], "size": [188, 0, 187], "pivot": [0, 0, 0], "rotation": [15, 0, 0], "uv": [0, 0]}
					]
				}
			]
		}
	]
}